filename,blur
kagouracdzwrjjxzzedi.jpg,0.0
ahnamimqdfqoqdnozabc.jpg,0.0
gwhdadvghuzinmzhzssx.jpg,0.0
onqwabwwckubrydgbzly.jpg,0.0
ewpqdruddbokqyzzupcw.jpg,1.0
zbfeaysuvxpvmyjwdhva.jpg,0.0
gzzwcjwqdoiobgeyzkro.jpg,0.0
fthcodzlokgrrpsecozr.jpg,1.0
ijkbqrfpdahybgtcwdig.jpg,0.0
oppsrznwoedclvrroltc.jpg,1.0
sndqvttejfknzjexgjva.jpg,1.0
mclhfoiouanyeeglugve.jpg,1.0
cedjdbnxhffuntavfxhp.jpg,0.0
ebxzejihxesylejjbbjf.jpg,0.0
wsgqrbcbesbupkzbztrp.jpg,0.0
aecbkbwburkpkuowwcdi.jpg,0.0
jcvklgafwtzsbrtxfhax.jpg,1.0
kxkqlhvclhgshdiyizbz.jpg,1.0
jxflbmaqoyitgyyrpvon.jpg,1.0
dcrdgwyzfaiveqkaawcn.jpg,0.0
etzpdhdluqyyymftsxoi.jpg,0.0
jxpxtiakzykcnyfdcevc.jpg,1.0
vdnkweycpnecygrmqnoa.jpg,1.0
ixceesjeyvkpcdzfxflq.jpg,1.0
snwvnrzjeokgmzglbtuu.jpg,0.0
ewpfjlsgpkfdqqdliugx.jpg,1.0
yhqqltfamawpdpuskuwt.jpg,1.0
hzvrqlgpfeaqpuuofcow.jpg,0.0
wcjxzapqmrqritkamlaz.jpg,0.0
bhsdtrhbsdevrzbulzyf.jpg,1.0
eqblnnfyujoeqqdtfoxu.jpg,1.0
mojfdbsqklqsgywzafvc.jpg,0.0
bmhkxokpznhxtizmfboj.jpg,1.0
xrazkxxwqqpodwbxzjpn.jpg,1.0
gqkuourdvzkxdjtjvfcv.jpg,1.0
mfklbgxmwcqsgohwtnol.jpg,0.0
kfprgltlfjctyexogeyc.jpg,1.0
oeajzitbcwzhhwkvidzd.jpg,1.0
jzwwwwcpjaeafzboirqq.jpg,0.0
iqdhzfjllvgubknsyuwh.jpg,1.0
ugrrwveeuqrvtfpgwmvm.jpg,1.0
vbofasnfkxjbzirpechj.jpg,0.0
lvmydvtpmrdpksypugsn.jpg,0.0
bilemgivptdlqcqkgipg.jpg,1.0
afqwujeakiguycfneifz.jpg,1.0
vohehpmwoqtzggphvdut.jpg,0.0
diyhmdtpqyaiwbasntyn.jpg,0.0
cibphqookgxpunhixtfw.jpg,0.0
ijfjfupsrpirysxgcjdb.jpg,1.0
wwehzwyucadezhifjzbg.jpg,1.0
wbrgusajavsaniazatcq.jpg,1.0
qxwfkpyzpjhwcfxozfnf.jpg,0.0
chehviwrmsihnavkukpc.jpg,0.0
qwrwyrfumnvjohajhvxs.jpg,0.0
uvrbsnerpcqethykknqh.jpg,1.0
zhwbnnfzkqrqihnthzao.jpg,1.0
pmebgvjwkmttfscdqykp.jpg,1.0
pnejlarafkdwizloygwm.jpg,0.0
cymynalizxsugnxyedac.jpg,0.0
spwxpoxfpgcqkaoxjxpz.jpg,1.0
jmfotwbfpxplvchrxqmu.jpg,1.0
mluipzzrvqjfpfqrfwrj.jpg,0.0
dgpdwuwmvamwrbkgwxik.jpg,0.0
floarerhgmwerlcuzosh.jpg,0.0
tlwwmuogmjszujbkkcfa.jpg,1.0
sqepmtlksfsekonfjbjm.jpg,0.0
ppnynxyohwdwtiqlvxti.jpg,1.0
lnkgpopywpwtjyakpqbo.jpg,0.0
uvyssouowkhblqejkjri.jpg,1.0
qzdlogxrpjfecvtueqxn.jpg,1.0
xabltghfbexmvodwbvrn.jpg,1.0
lchetrdiwnlvrkpxtfsr.jpg,1.0
aiopeixxeojrymbhadsi.jpg,0.0
ncnsvoerutkwkzpwgvvd.jpg,0.0
jkcmyivgkppabsjuslyp.jpg,0.0
jafjsyfexffzichfpxak.jpg,0.0
wtbghlfvgzoyxhudtehy.jpg,0.0
yutyxpdstalqrmyhrbkg.jpg,0.0
yotkslvsrsaawqinwsmf.jpg,0.0
puwnsmtlryekjpglynca.jpg,1.0
kcihxyupcvtobhkrlgnb.jpg,0.0
lvchzyksrexagrhggakg.jpg,0.0
gywhspwmniyqltqqmyww.jpg,1.0
ohzpvyiwocsqbfpvfril.jpg,1.0
cynxihjtttezdzynfjgc.jpg,1.0
pwzoyuguexuarrgwqhuu.jpg,0.0
ypystddwkkjeognnbxfs.jpg,1.0
uelhnuwyhtknvpnhkhuk.jpg,1.0
wcmtdjrcabaglifhrzyy.jpg,0.0
ekgcfugukrycolvtlkgi.jpg,1.0
poxtrbcwqhjijplrtfch.jpg,1.0
ndbmeehndxdjimsltcmu.jpg,0.0
xdjqywejpcxkfjrldakx.jpg,0.0
xqffhpfjxxmuqffttcbm.jpg,0.0
tdibapvsimxamnzemntd.jpg,1.0
nnhecivjqcsnhroivgbo.jpg,1.0
hjvfqyalvsmqujvlzytw.jpg,1.0
yabtwejokufkzygzmuuv.jpg,1.0
krwiwmvwmuhkbxypjvzz.jpg,1.0
bevehonbncppkdyvbplp.jpg,0.0
vybafhrfgoxdwrcgqcfa.jpg,0.0
yanpegcmpvryshktqykj.jpg,0.0
srllzmxcbylnsdwpnehz.jpg,0.0
kqnkyvaolhgatnccpgto.jpg,0.0
wtrwacsdvfnrxsgmmyrr.jpg,1.0
ckmigewfwdvwwkthdcob.jpg,1.0
bmzurmaiyrmmtftbhqid.jpg,1.0
ufxcvhrysncgphgispmv.jpg,1.0
ajcrxzsgkmbsripctuic.jpg,1.0
vhhjuzpotixttccrycea.jpg,1.0
nkfwuibsafppryxmathx.jpg,1.0
culykdjkkivvcibvxouc.jpg,0.0
arnidzuvbcezcghgfymh.jpg,1.0
nndgsosofcdverneugab.jpg,1.0
vjceklrpqkqcgxlwdtgm.jpg,1.0
yyxlsknqyszbuxwpdvzi.jpg,0.0
uawfruumzygtokldrool.jpg,0.0
gjahzmvzmwqnrhkmdguh.jpg,1.0
kfgwftmpzhsyyqulknqf.jpg,1.0
kqbtezklkmaifpzdmyih.jpg,1.0
vegoyeoombexaxdaepmd.jpg,0.0
kgjixzpiyqmdrnogzxbs.jpg,0.0
gxfldjmkhgmagudzcwsl.jpg,0.0
ofalwawlkyexlixxnfsx.jpg,1.0
xxditwnwajviwrrlmvxl.jpg,1.0
tsqesgollgolodwerzpo.jpg,1.0
lescroflrkshgsouvlme.jpg,1.0
qqlvtzcnqhotfgqxuquf.jpg,0.0
cvbkjwsjdzvamorzaudt.jpg,0.0
iqvonsajmooqwvfmgigz.jpg,1.0
tmfhowlydcmjldnnpszg.jpg,0.0
tjstlbwtrpdabkchyolg.jpg,0.0
hmzdowpnmsyckfhtlbum.jpg,1.0
qijzwvgaheljiwpkjrmp.jpg,1.0
gajpkfdlqwedztpjnmjk.jpg,0.0
gttatgtzzwxlhnhmxynn.jpg,0.0
dpavruvwupbxnkmaytfo.jpg,0.0
wvnaxdhcpqmzzjxjfeng.jpg,1.0
jkjhtsccdwyiwdvsaiyw.jpg,1.0
roaxfxhxbchaondpeykt.jpg,0.0
tqjviszxjihtihdwadzt.jpg,0.0
nitarxrumrkgdnwlumol.jpg,0.0
ozhjupxlmwlrwvuykgqv.jpg,0.0
bzwjlbplonwskreoentw.jpg,0.0
zahjybddxxeepnkpyead.jpg,1.0
jkrhrdabweacpjdvppcb.jpg,0.0
rbckieqytyvvjoevfjft.jpg,1.0
vapujlkzcefhskzcrnda.jpg,0.0
gkwvymaryeuqrnowyrnr.jpg,1.0
tskrzyymvtivtitsqwuf.jpg,0.0
phzmroyznjpjpgyozhta.jpg,1.0
hwhzgkdpfwuzqnpzppxv.jpg,1.0
evekchrkwacihgdojnlu.jpg,1.0
aqnxgpanlfqhiynjwyhl.jpg,0.0
btfqweeppgxusuaqwwzf.jpg,1.0
avrwvxipbllcddtujhbt.jpg,1.0
jjlseayrvthifnkotxux.jpg,1.0
rmywtcwfckxbgdxuutbk.jpg,1.0
qsgrwcoesvuuqkpdfjoq.jpg,0.0
suppdbxgwbmiqxkwgazv.jpg,1.0
tytozdxwjpfzimcgkrjh.jpg,0.0
rgqxlmsnhpiqtbtzswfz.jpg,0.0
kvisnrqitkzvrtjytieh.jpg,0.0
pxgvjclfrqnuhijsiicl.jpg,1.0
hxbwnszynwlvfudirhdy.jpg,1.0
qvozdipsmvsgckdlmltm.jpg,1.0
dfbwtxhuvfldmyxevtua.jpg,1.0
inxyctuhcehtyuljdkzd.jpg,1.0
ywjahcmdqnxkmcpxmlto.jpg,0.0
fbdbirdhmhieyxmnmjnk.jpg,1.0
srlnfmsvhbzjkawoxmgo.jpg,1.0
dsnsxqlgcbyhpnboxwts.jpg,0.0
idldlvloujzpkotctnee.jpg,0.0
zhzoqmxpqtannkjrieju.jpg,1.0
dpakzerwqyqrvjyfwetf.jpg,1.0
zhunjnnhcrjtxrrbvydf.jpg,0.0
xxjsvbduoszfdxwmexfp.jpg,0.0
gevywiuxabnbmybqisoc.jpg,1.0
oiuejbdkmgvnexljmpjl.jpg,0.0
teifkvmfhxchzyltmufh.jpg,1.0
ameywkpkdydonhpyqkhw.jpg,0.0
kafsruuvrohgekpvtnnl.jpg,1.0
oorxgiftepbinnxagiku.jpg,1.0
inykyqfuqyxqshjouota.jpg,0.0
qawnbtvbyxykjmqgzytx.jpg,1.0
klpsdpapwahcjkfytoku.jpg,0.0
mixmkzblryxvdhfttlcf.jpg,1.0
lvhavyyxhxiuspibsinl.jpg,1.0
fbksyfkgiypkbrhtwsnj.jpg,0.0
zltqijtapdgiqnckczlp.jpg,1.0
uwrsdwgnavvxebinrpoe.jpg,1.0
xdmfxgwqfatpjijmeglh.jpg,1.0
camqddceifsoqmajuwwk.jpg,0.0
suxxkoheyvzadfqvsfce.jpg,0.0
ldmsxxxturyvydnixpnr.jpg,1.0
ycohkikivqbyvdjcvjqa.jpg,1.0
ymqlxomrlfutkxjulhyo.jpg,1.0
rgaduqumwcuzdhefvxzq.jpg,1.0
awsvemlazyeqtuzrhigk.jpg,0.0
tchsshqmgdruepvuahge.jpg,0.0
otccvjgpwkzqomrmzhgq.jpg,1.0
chdhdffpeexhvvrxrfkj.jpg,1.0
hsycjvdogtaemwibqohy.jpg,1.0
osddynkxzovdirzukfsp.jpg,0.0
fgfiodwrdizojypzgldw.jpg,0.0
iihlhvlpjocgkejxphzy.jpg,1.0
pxxrefmyrfmfthhzlbaw.jpg,0.0
cpdzukoavxeykbuemlae.jpg,0.0
nursylguprwbzbljylwe.jpg,1.0
mjhywdquvxkqikbjhyip.jpg,1.0
lljwavozcnebwlnptkae.jpg,0.0
atwcgwrdumpzumwoddcm.jpg,0.0
jjfghedhbeobjwzcogbs.jpg,0.0
nvvwufvhswsvtdbjgdgr.jpg,1.0
jdwpwxdfpugfljwgliei.jpg,0.0
aohsoqhedkxyalthnnoc.jpg,0.0
pycczscuxpoqzgsxcyqu.jpg,1.0
xduhebovipavotbdjbqx.jpg,0.0
yiqqttgmvlhtjvxcxfbn.jpg,1.0
tmjpdpxzqeefvrsiqyfq.jpg,0.0
xbpksjbmauwxtdddwjpj.jpg,0.0
colgiizowmbketqyuiem.jpg,1.0
xdstxsqqthfcfvzhnali.jpg,0.0
gsbaumjwkzlqywlkilgl.jpg,0.0
fqbflndvakdposzraerf.jpg,0.0
ocnhcbyjvolspyojfxmf.jpg,1.0
qosxaiklumhkexfvdwdk.jpg,0.0
yffdvkvrdpdchylylykk.jpg,0.0
uzhczuizytumoxpsfefz.jpg,0.0
olcikwwdpfdkbiwnaoap.jpg,0.0
tduxjskwwwndtspcqzap.jpg,0.0
svjflmgrpbrgajnrmhia.jpg,0.0
wzvaangjvdxssvntzqhl.jpg,0.0
sulbcdgwaqxnicfzaicz.jpg,1.0
kciqzrqpqvygliqruzrw.jpg,0.0
pggsmgmdklqaxmstyele.jpg,0.0
xdjklsskdsnktwhbvlbn.jpg,0.0
zhxubyklcrvhtkmorals.jpg,1.0
tpnlypynsmlmwisxziux.jpg,0.0
hhaazhbcfzuiwpinmyab.jpg,0.0
pxruseoumitnodkupfxf.jpg,0.0
jwsospetmhoeyrikwdhh.jpg,1.0
jichipnpfhtbwtdahlgw.jpg,0.0
isuxjgtyhgkonnjvedrt.jpg,0.0
ngtazeajvzmjuozmrjxj.jpg,0.0
uejquecjmsdkxttxrsur.jpg,1.0
wretdyrdkdcmofizuekg.jpg,1.0
fxpayimjxbipcvdhpwyz.jpg,0.0
llelwfdfyuicovtqcswk.jpg,1.0
meoibcqargtthzlddebd.jpg,1.0
ctypgkkwcjmnbmhbmxra.jpg,0.0
vmbgagphdktnoumzdytj.jpg,1.0
kjffkdsjzrtascgorvpi.jpg,0.0
iqdcpgylyvjhyclghknf.jpg,0.0
rmmogarbwjafbwpomcpj.jpg,1.0
svvxpxirblfzavtatadb.jpg,0.0
pkjuenrdnrdswzfunjoz.jpg,1.0
bcletbpaxiskrrkvkxqr.jpg,1.0
uxdhzxxyjurywlvutapo.jpg,1.0
nyypzlolhszpukaxkxyy.jpg,0.0
iuxqidjeanmicucdzalz.jpg,0.0
wfrnlcwunzclybnfbqgp.jpg,1.0
svsqxmqjsviafulhhnkp.jpg,0.0
wcejruiuaeurrrzieyjb.jpg,1.0
pfgwmqhqcbmqtwbbolik.jpg,1.0
vssdzygnnilkztqpalch.jpg,1.0
pgepwyrfhygmrsjwdfkb.jpg,1.0
urbwlosixcxosqjxmlha.jpg,0.0
omeivrfnjmygjmcyppvn.jpg,1.0
rfpfscosuiednghiqqnj.jpg,0.0
qyozadgowbdceloqzkfh.jpg,0.0
agutwifakhbgxlhymjmd.jpg,1.0
xjjlfxpkbdsqpdmvzeye.jpg,0.0
lkjydqwtulrjqlzwxyon.jpg,1.0
dbmgywlnkhywgtadexri.jpg,0.0
jmfdssqwrwcgzrgtkltv.jpg,0.0
thvswqghjrlxmxwticpw.jpg,1.0
jzthazuvvibtnosxvfcx.jpg,1.0
gjiyjzqpsbnbvccotnmr.jpg,0.0
toqherezursaomguxwwt.jpg,0.0
vyoyndpdltjcttdnpule.jpg,0.0
xygdwqjgiwaidmqswzbd.jpg,0.0
xakljjwavansosvbbbmy.jpg,1.0
evtyonbowefvwclswzdw.jpg,1.0
igdsebahyoyivgkvvndc.jpg,1.0
gsjcbrsbtwlcoombpqwu.jpg,1.0
srotnzhvbvttidsichkf.jpg,1.0
pchygrlxrntoeeshmkfm.jpg,1.0
dapboeamwmsuoufctjlk.jpg,1.0
jwpungksxsxzcggunpns.jpg,0.0
utpjdprhpbvwlnwjhsjx.jpg,0.0
eyzumuyajmiczcostdzi.jpg,0.0
fjrhqfbdglzrznluwozi.jpg,0.0
rhtellcflaxlughagbex.jpg,0.0
fdglsrbenjliaoomsraw.jpg,0.0
jsenbdafestsbuospavy.jpg,0.0
bbtfwqihhsitnxqurqca.jpg,1.0
knajgjpdexewxdgcnado.jpg,0.0
phzdjefdobrnddaxxvck.jpg,1.0
uvfmiyzjnfslplvalapa.jpg,0.0
huhyjyyezqrzyzzorzup.jpg,0.0
kjuhvuxmpmbelfjwdvsh.jpg,1.0
cwaepsjcwqnmvebhzvli.jpg,1.0
ieyaggnwbvcnbzvkrrhv.jpg,1.0
merthehteykrtmjtcnbp.jpg,0.0
yohvuboliwgjynowkylv.jpg,0.0
yocsrrnyihrnwfraqevw.jpg,1.0
nkrjcjzzfdnomhmftupj.jpg,0.0
cpdwkzgaipsvyqggxrso.jpg,1.0
dqxsslyrojuzygcftgaa.jpg,1.0
ousjdbxnooeuehleyomi.jpg,1.0
todhbnwcnamicqcajoup.jpg,0.0
kxavdcnoogrdlywyqdsm.jpg,1.0
auejchgiyiukttvapvmv.jpg,1.0
jqkhwixzrwbiidxnocch.jpg,1.0
nhrjwaymiywrzddrrgeb.jpg,0.0
nmebjxccskhvlpbljmjg.jpg,0.0
guxrpakseuoyqnmglvtm.jpg,0.0
dnulemclkgrxedniaodp.jpg,0.0
pvxhbjuhhhyqcfasdvks.jpg,1.0
rsrezauckxtxdcxuwjbd.jpg,0.0
ccgzbeemrqkzxeloyrlh.jpg,0.0
nogtmgoeiesmaujhakqc.jpg,0.0
pdsjmgjwybbcpysdjzwz.jpg,1.0
wcbrjkkqgtldldzgnrkl.jpg,1.0
mtmqbsyoalgogposvpbe.jpg,1.0
ebeefpilnvaygouwsqhd.jpg,0.0
kdumivtupmjuppheqpaa.jpg,0.0
ijxfqxytcioymgxrpagu.jpg,1.0
bbpjuvolqckuljjxcssm.jpg,0.0
ihnvofoqdaiyhytcqwpq.jpg,1.0
duztqmfrkcijakfrbndd.jpg,1.0
flakiqgkfizwgaaugbsv.jpg,0.0
boeqekwsrozphiddserb.jpg,1.0
xuctdyfnwpzbyyifqlxf.jpg,1.0
ytdhunibzyfszjfasxbu.jpg,0.0
ljkhowfpexhgfmwtwhry.jpg,1.0
fqeigfiaoiadjynjntmn.jpg,1.0
dkfkgwvbvnoalbfcsexk.jpg,0.0
kvhrewpfolwetrgnpigo.jpg,1.0
roltouoycmsycokxelni.jpg,1.0
gqglajilvjpbgmkommup.jpg,1.0
tyxvmeunrbfujrwkwyvr.jpg,0.0
ircskwxvhrgyxccqgpag.jpg,1.0
uibxdfkdbwiwdjyfxded.jpg,0.0
nehtsqdddepfdyiqjmcx.jpg,1.0
qlklumzubicsfiawfnzy.jpg,1.0
usixldkyxulyuwpvsdax.jpg,1.0
tmoloeqntdekssahxaht.jpg,1.0
axkxgvzhyykcrwjwtohp.jpg,0.0
aiiujlpbdrhdeexrsrzf.jpg,1.0
kytpuffaqzesjkldjwpl.jpg,1.0
baiivdlwvtlnnyjqnhie.jpg,1.0
jvsxfsykxintmghcrxyn.jpg,1.0
xnacwuzqngkkhgurfpqy.jpg,1.0
bfkrflvazzvbbfmlqmwi.jpg,1.0
qfmdiybpqpnislobeqrq.jpg,0.0
byrgvrokzvhnipowbmds.jpg,0.0
yanelxrzsgegirsvndkq.jpg,0.0
ornovlvddxwnwadremqf.jpg,1.0
nmwhrkoamqqckjawikqr.jpg,1.0
xccogdwchunmzpdhlhcj.jpg,0.0
tuyjplglswgwrrnzioji.jpg,0.0
kltfmmxbidcanuveqhfs.jpg,1.0
ugmeuambbginxgnjocxp.jpg,0.0
vvqcjytdrozbrzcusvoe.jpg,1.0
lmmkgeyenxdfdnucsova.jpg,0.0
qleaxkccsdcijeanzcyc.jpg,0.0
rxycfhtlhjkpjuhlzpwf.jpg,1.0
tcbgfigasrpnqiiyeujr.jpg,1.0
jtaloqetfiekrujuhntv.jpg,0.0
ttghlydaubgfrdcdwqtn.jpg,0.0
zfzbrbubjsobiouixpky.jpg,1.0
rpqhlridenzyqiixzgiq.jpg,1.0
tqeridlqbnxjrgrftnuv.jpg,1.0
vrlbrwgiypuolkzxbysg.jpg,0.0
whtyiqqcxahjmxvmeqxz.jpg,1.0
jbpwicsxchjuixcjbscc.jpg,1.0
xmrgixkifxjdsuhzjgqw.jpg,0.0
rzakimnanswjevzpcknv.jpg,1.0
tixyknwhbwnxwjktpshz.jpg,0.0
rkpofikownzfoozjopsx.jpg,0.0
wivcrvjtarvvlefgkgfl.jpg,1.0
wcgbyeahigxyzyvmknhe.jpg,0.0
tibitebzeikhieebvgxb.jpg,1.0
zdfpfbyeuncaseuvderu.jpg,1.0
lpisrqqzulrcwjhgvszu.jpg,1.0
quyctccrrfbdihrpqcqo.jpg,1.0
rgziepusfhwuyuhtiypj.jpg,0.0
nbnazoogqpkuwupqrwmz.jpg,1.0
bmpuvhedldhsqtrygapq.jpg,0.0
tvdjhhokamrfyvrxsyev.jpg,1.0
dlxpefazypznigrsgakv.jpg,0.0
omxddrgaphkmgbzqpbll.jpg,0.0
pqnkwccjryzocuyizuhz.jpg,0.0
vqlsodnkcrdqrjsndptw.jpg,0.0
gbtebxkihkfwliccngbm.jpg,1.0
ostkzpzbovymgjkmosxc.jpg,0.0
apmhbobanlayyxcidzoh.jpg,1.0
mrrodupyxiyqssaxcxvn.jpg,0.0
ooioqafucdnegscgqqgx.jpg,0.0
dyrrsvwgodkwwubnunkk.jpg,0.0
ipqoxgpktgtjbpreuueh.jpg,0.0
hkiucddoarjxcyptefgu.jpg,1.0
sjtshzltumjgjettddwu.jpg,1.0
kshpquhvychbkibbmpri.jpg,1.0
xzfniadrhprauwcybkjh.jpg,1.0
tlyetqebsripsvdmnrlr.jpg,1.0
nmayzmgavpiikkdwnair.jpg,0.0
amkirsjqmhpirqnyunal.jpg,1.0
qynsyrkcikkbxsqywkfl.jpg,0.0
fclhusdsbzpahxppuzjd.jpg,1.0
osjyfsphjlgfrdvfdbyf.jpg,1.0
ujupbvgcjdimxodasyun.jpg,0.0
zrdwymgqdfomhrmnvlkb.jpg,0.0
qfmpryjzlexohcuxorlh.jpg,1.0
urfxeageydsyubeyhtto.jpg,0.0
lmomaghdsskghbgwmpab.jpg,1.0
xsaixgauortkniymgvis.jpg,0.0
jqwfzripldjqrdliroah.jpg,0.0
bgafzcjfxocxscjgqath.jpg,1.0
umdidyxujdqfhusqrymp.jpg,0.0
odxudopnryxnvblsxnwm.jpg,1.0
bgiukwxknickapmipprh.jpg,0.0
slmmnqmqskfraijebcnv.jpg,0.0
bbvdtodnsftvkzweusmw.jpg,0.0
virmxxhatfamswkreypj.jpg,1.0
kfpesuhxvhutuaooizeq.jpg,0.0
pmxyedxwevkztzwszaeu.jpg,0.0
qmunbqzkbpgpgvatriix.jpg,0.0
qfbkrtgnxnogiiicvalf.jpg,1.0
jcxuxugyulhmugvgmxyh.jpg,0.0
bdfruzduhrxnixifizph.jpg,0.0
qpyorgzvdxbteealltpd.jpg,1.0
jbbqlkwnmijnyukvngtx.jpg,0.0
hyfvhchvnwlqsaktmrjd.jpg,1.0
xddxwuzmxeczfmyfpxmk.jpg,1.0
rflejgcmcnjlgotlvzwu.jpg,1.0
sxlzbkzghgzuyugruhrm.jpg,0.0
urtmbkxavpritlkqurkr.jpg,0.0
encgzjdeqsdgrhdmgrqq.jpg,0.0
zhzqygiapxydnwpnjolm.jpg,1.0
thqfnllacgdgwlvflpub.jpg,1.0
lnmxbdlltyjfweydfkef.jpg,0.0
afkkshnudepwayyrooqt.jpg,1.0
jwvtzrpkgicskiyuqzrm.jpg,0.0
jnusfztvsfirxljhbmjm.jpg,0.0
isufoxseldegrenymfsn.jpg,1.0
pzvyzwcutcfvulztkpjd.jpg,1.0
marhlhlrezbbbixpfwnb.jpg,0.0
ytmmtrwyaahbcduhzmxe.jpg,0.0
krqjwsyymfgthokjjkos.jpg,1.0
ecstbsrqqdgbcfsjrgfn.jpg,0.0
ohsigkmypgnkouhlgvua.jpg,1.0
srlfhsowzibqlgooaixs.jpg,0.0
nxmsrenhsvtjnvjhvmlq.jpg,1.0
pveuikuqjtbsbyvbofjm.jpg,0.0
xpkvvgnpabxxfwzkmzke.jpg,1.0
jamvwfctajsdmkiuuixv.jpg,0.0
iceoowttrsbwovqedbme.jpg,1.0
jcakrvbzvepjoudqtmtq.jpg,1.0
prfnvbcncqfwdjrhqtyl.jpg,1.0
fwamyzbtspwhnwiawngo.jpg,0.0
htudqjvgteckbfbqxafq.jpg,1.0
iecvwynyqwqgpwfbmlol.jpg,0.0
ktfblenydchrktidiydy.jpg,0.0
jvzextzhzydyrlugzido.jpg,1.0
edbiipgndwulipnmpqhq.jpg,1.0
aljjqkgzlxvxgfpechbj.jpg,0.0
usejcaibghnroxzytbhd.jpg,1.0
vpcuynlgfahwagvgturs.jpg,1.0
bwiirdcqrffohxiwxlrx.jpg,0.0
gmknzcbabfszsfvhjxrj.jpg,1.0
pwzpfwefmnxnqqqhuofz.jpg,0.0
sthzgoiadmahnftoxpsg.jpg,1.0
nopsyyohsgeghtjpyegd.jpg,0.0
hpzpmfmrxzbverbzrlbp.jpg,1.0
pfrmpwveepxkwxfuvfjw.jpg,1.0
ntwevfbfsyrpdieuklrt.jpg,1.0
euspbviziwmzzpydbhrd.jpg,0.0
iyobbzdvnbhstknwgcfa.jpg,0.0
aladjjhlunpjdwsxlwus.jpg,1.0
poctbzhfabijzbexwmgl.jpg,0.0
vbpxqkgkbnbzecuojqjm.jpg,1.0
fhudxcjrtrdgbgqgxmob.jpg,0.0
jbuhelulublpgyohboog.jpg,0.0
jnktlntbbzloldzdnalh.jpg,0.0
ddplqyunyvnawavcdskn.jpg,0.0
xgomufkwyaftpbnfztja.jpg,1.0
ssvgwfbjhfqymydalhcc.jpg,1.0
mnbsjpiuwnidynmtdocc.jpg,0.0
zyvjknvgyusnzqvfdoqd.jpg,1.0
yvtroqcaxtsjtxplzujr.jpg,1.0
akpyaennevozctiysocr.jpg,1.0
utcexzzctkstcltojkvy.jpg,1.0
yjiphilkxncckgtkjbdr.jpg,1.0
pzczvqakiceujmnjjttw.jpg,1.0
xjzxfrqhofsroooqadzp.jpg,0.0
sbpzeughzeqlnprhhduk.jpg,0.0
zkdrxrtgstqrzzbqsdjw.jpg,1.0
lknjrdjpdpyzzvkntmnq.jpg,1.0
vkavdrcjpqqtmwbowjdv.jpg,0.0
dtliekvcpkisbvegbqqx.jpg,1.0
aygrffxmjthqmvgrfymc.jpg,0.0
hzuomqvbusexjwmesrwd.jpg,0.0
ismwvunjuegpkyrgltnw.jpg,0.0
tklvsempphocyznwiwvb.jpg,0.0
rsfhllvrkpnbkfaorrtf.jpg,1.0
jqkcxjxprzaeayvdsjux.jpg,0.0
mkyvbxadyycceuxtxetu.jpg,1.0
qkgmryclxzneoyajxnfg.jpg,0.0
smrbaqszhifdtpnbnsza.jpg,1.0
weogofumrlnjsmlmnmmb.jpg,0.0
tleriakrccagwgovhkmv.jpg,0.0
krrgwghphxdqzimwlwpf.jpg,1.0
uirnkopnkaukhbvkrksg.jpg,1.0
sbwmyzipjnzzvasnwrhp.jpg,0.0
bopbjqfeimqrqhqtggzb.jpg,0.0
ivmnkvguromrjheshqpt.jpg,0.0
rghrmtwlhdbkznmhyqpr.jpg,1.0
ewxiqwgfizcumztacqbu.jpg,0.0
baenxpoekhpdeslredlo.jpg,0.0
vzthctohgqouzgqcyeud.jpg,0.0
tvazofiwmzztpxarnxqe.jpg,1.0
udnloosreviropawnwob.jpg,0.0
uooosmusoiuwhzvgbmgl.jpg,1.0
bmbvzdjwngplmwzvgqlr.jpg,1.0
zigjojjmeslgedmanhmv.jpg,0.0
fujmlhrzcuiboevfexsz.jpg,0.0
srqldsfdxkkibdyktlzn.jpg,1.0
oyxtqqgdzimhpihamgvw.jpg,0.0
lcncrqdurmlpmnqpsiih.jpg,1.0
tkomvgggqpdclnneewim.jpg,1.0
wsxzbomngjaxupibrtpj.jpg,1.0
wyiuxilvqweepleqhmve.jpg,1.0
ypwvdmginspugkmdbdpp.jpg,0.0
odbogfwabkuhbpcpoftt.jpg,1.0
onsmwxamucmxcjevamsx.jpg,1.0
muhctctkqkdfohssealn.jpg,0.0
fjcljxslteulpccuyjkn.jpg,1.0
hfflmpznaasmsscbhwpj.jpg,0.0
rdqkmketxjilcfmlpdda.jpg,1.0
orcxvdlawxmatuwcqbis.jpg,0.0
pmedhfbphtubujwxhmtl.jpg,0.0
yalatamfsenftjyiwbgl.jpg,0.0
vpxppyxnqxoerarvedpl.jpg,0.0
bnaivkrbcwrbwtbxfmtq.jpg,0.0
mgtdgcchdelhbvbxwtpt.jpg,0.0
busjlvskobobpvvvsflu.jpg,0.0
pfibdmgzcrtwhgfixjwc.jpg,1.0
xelgajprizapqiuekjoh.jpg,1.0
pzgjqryzfqdzrrzrzftp.jpg,0.0
hbruvboflfvyxmdjaqiq.jpg,1.0
nqvtcumbiwnecwnelfxt.jpg,1.0
uarfydaydilsoyqvuyfa.jpg,1.0
pbarimgspfeistopwnrx.jpg,1.0
qjbbvsequfxgurgfjczn.jpg,1.0
ggvyizkufuweezdcaoff.jpg,1.0
ypsyiwwlmdvkaibquahl.jpg,0.0
lsscgcjakkczknjjdobj.jpg,0.0
rnhgpuvjvydxzuhydwnw.jpg,1.0
qbulgtniiweknhqssjmp.jpg,0.0
iqtgvcaaxzfygauzildw.jpg,1.0
eyaremsueskkleuawzuv.jpg,0.0
qdczdkvocnjavlsdwnxq.jpg,0.0
brgqwellgsczorvxfduh.jpg,0.0
seiclpncigoikmqsfsmz.jpg,0.0
ixlcwuczzwkqokheofvf.jpg,0.0
iodsotirbuqgrjufxpwy.jpg,0.0
rlqjxovfxutveeasxpls.jpg,1.0
xagxhzwxejndleuyidie.jpg,0.0
ovkccbqwpeecmsdpelkv.jpg,0.0
wbxhozjrhlgrrbtyfauo.jpg,1.0
rqcgmwzujyimfbmwisov.jpg,1.0
ptmlzlhcmyylcsccdvqp.jpg,0.0
emnmgawpjvxkzswttoif.jpg,0.0
eloiucjlfdhfqxurmzxt.jpg,0.0
tbunyncrehgpdkfthvjz.jpg,1.0
fycrleknqezdunmnaqsh.jpg,0.0
kooeedxhgiteoqwstzap.jpg,0.0
icjjshswushuzwxqzilv.jpg,1.0
gsoedtjdaeiajytgctzq.jpg,0.0
uogtsxbdvpifhaekraak.jpg,0.0
xgbbuobztjmiwzlvtluy.jpg,1.0
fopblvvicjtwtkifutaq.jpg,0.0
jvbwuhyikrpeorpgvahz.jpg,0.0
krmttsibjbzbgszayobp.jpg,0.0
azilwrebuppgktdpzxwn.jpg,0.0
uxwtbivcuarnqmphjecq.jpg,1.0
iyvdtqzphjuizqpvaafa.jpg,1.0
kotgxktvvyqtnbwgzsrm.jpg,0.0
bjxgynrrsnoykgaenqqb.jpg,1.0
ziqqrimkkyzzmomdnzdf.jpg,1.0
rubyzzhnxnaavuenbiix.jpg,0.0
vsdwcghtmoirgdhammpo.jpg,0.0
hjkxjtnrslsvlrwvpgpu.jpg,0.0
lobzhwzmffftfiphwthu.jpg,0.0
bcixzhonifcmpumhlliv.jpg,1.0
qdblmhnfsywrxoyjyvaz.jpg,1.0
yutkqozsrnhaxnausnkz.jpg,1.0
nqmxfbzblgxlfngfcoqv.jpg,0.0
abandhxlopftprjlxqus.jpg,1.0
rkukzhmdlazhsbagaryu.jpg,0.0
gzphrarmzzqpewnakrrf.jpg,1.0
ulpdzphdriwnhxuojxux.jpg,1.0
uhfleaabhpebhumfteup.jpg,1.0
kfvdorpwbevgwucalbwl.jpg,0.0
zvbyuwaaxlzmztpkeypg.jpg,0.0
jpgcitempdnptrzeaahh.jpg,0.0
lxvistmvhpzgymbkjwiq.jpg,1.0
qxzhvwrxnejqtlmjtair.jpg,0.0
jnocduzaxzbjbkpbwuzv.jpg,0.0
qlrfbuiqspaptdztdbpg.jpg,0.0
kfjxvhaokialqacqztgp.jpg,0.0
yvltrjqlhqfusfcfrabd.jpg,1.0
zbcqkwhjkafghtygagfk.jpg,1.0
rmuwutvutuohhvvotrrc.jpg,1.0
zspkjmprlhhihjjjsxxi.jpg,1.0
pnrsmstkcwboxhemyqfg.jpg,1.0
xcrtxwlovwbgvcriwkar.jpg,0.0
bljsgfkaiwyirsodvkdl.jpg,1.0
slbpvltwildihwczwnqk.jpg,1.0
mataqhzxvpdngikljebg.jpg,0.0
kzztpjabfcwtboopqqlz.jpg,1.0
dnnmzihxgslhtfoqlymz.jpg,0.0
wjnzafewmiopdevbkqnx.jpg,1.0
njjcxjxjgkrcmdkzvqog.jpg,1.0
ivxpizypmmzdmuuakjuc.jpg,0.0
gjulbhdntrvmhpmzendg.jpg,0.0
ypmderzecvjitwatrwlk.jpg,0.0
dhnibrtnqchfvcpjnswk.jpg,1.0
ngxcpqhamizoxkcspeay.jpg,1.0
ldyvwlpjndugixaqwsfq.jpg,1.0
nhaiwzvoylpdrzcxeuxe.jpg,0.0
zyiohxzclobvhtkpmuat.jpg,0.0
okkezzkmtzxeheielbqy.jpg,0.0
nlyiewnttznnnbbtpwfc.jpg,1.0
brlcdluwsumfzjzedfxv.jpg,0.0
eefxmyonciovswguskez.jpg,0.0
tdvnmqyudhxnwblibgpw.jpg,0.0
jlzlanhbulaefrlsqkyq.jpg,0.0
krdvsumqizfujadekzfq.jpg,1.0
lxpavhepmmzqlkoubctn.jpg,1.0
bunygdhjiyiqctujnvnd.jpg,0.0
fqfqawrmsbnkfyikyuxg.jpg,0.0
muzibqxptckqszvjtbnp.jpg,1.0
zcvkfdaefrupywfouuqk.jpg,1.0
sowkuukbftedprkzkkwn.jpg,1.0
ioohwbbcdatyfjpybjxc.jpg,0.0
adosnfrpbukwskpizosn.jpg,0.0
sjxiqfryrqnrukfujeoo.jpg,1.0
qjlqhgslxyjbupufdvdm.jpg,0.0
tghkfjlnjjurspxszojt.jpg,0.0
qagmgextgtgvxonalvwk.jpg,1.0
oqxyxseurevmnuksqdkm.jpg,0.0
xaqtqqgcjzultfttkevv.jpg,0.0
yzevbuksqapmjspvutfo.jpg,0.0
riirexoqxmaqouhhmocp.jpg,0.0
phswvaiybhswerhbtdnk.jpg,0.0
gjcaikkasyshjhzamqhc.jpg,0.0
qypwstblhglvrhtqylqk.jpg,1.0
sqbadwkkdtuuzsygaouq.jpg,0.0
cyougvqjhsmvbzqirrxc.jpg,1.0
kfsxmaxwgzskmdafebmo.jpg,1.0
reyqrchzcehupxwgisxr.jpg,0.0
hnppqldiixfzzwuljkni.jpg,0.0
ksoyujrkxcwectodttkx.jpg,0.0
hvnrxrpmwzofywcwiygq.jpg,0.0
yzdvtqxmupbzrexuqust.jpg,0.0
jikkotunrmlsvcoynokg.jpg,1.0
fmwcyyzrwcqpvnftfosa.jpg,0.0
oobxyjkuqkqebfwwwmdv.jpg,0.0
mwtjcxpzmytbwvcxtsqh.jpg,1.0
yuyimazzjhjivfrkjowv.jpg,0.0
tkyqgkaedwcxwrdaakdj.jpg,0.0
noslvqepjwkzvvxqmqdp.jpg,0.0
cryejqxohzynhaziakoq.jpg,0.0
jglmbjmdqezrbsncmiqk.jpg,0.0
gyymxrvmdlhklgyglijl.jpg,0.0
mxqbkcicjldwdcozmmjf.jpg,0.0
macdqueaoxmuwkewlbse.jpg,0.0
oucfwgmfaabzntmcxogw.jpg,0.0
pjvkuqordpooyyjkncuf.jpg,0.0
qkxzfeuzxyjumvhpizoh.jpg,1.0
fvpclhombmwpzoueupne.jpg,0.0
qbbrknpxgjjsmcpaednu.jpg,1.0
mkoxqouterlteibgozxb.jpg,0.0
nhqvklcypetsoqseqkaj.jpg,0.0
iesuvvkrlnjyaoqjgklo.jpg,1.0
ggkkrltrmftovbwlsnpo.jpg,0.0
srlhaemdhxxaynqhmqwh.jpg,0.0
axplgypvtlxbsdwjjlug.jpg,0.0
lczstptbenpvpaksjfsw.jpg,0.0
lcrmwvnmsyecvkopoxoh.jpg,1.0
cpgrporgyvxuhipipgjm.jpg,0.0
fmodsdukjcdrfgtftqye.jpg,0.0
ghurgmcvxtlpmzsquzga.jpg,1.0
vxtvpgkoerpzldkgvdao.jpg,0.0
vjplcphptqeetytgjsfd.jpg,1.0
rmypschvjrsnrngblvfg.jpg,0.0
utdcjoztmbvhmgcdeypw.jpg,1.0
rtvngbrznelsmympchqu.jpg,0.0
zggpdtxdvuipcsybvoga.jpg,1.0
tgiyugjrtfpgzaigdwra.jpg,1.0
uqacgdhliymtfcrghnov.jpg,0.0
uchjehfaongamznkymkk.jpg,1.0
uzsiqphwdigladcgnghb.jpg,1.0
elcpnwoagyhvrumipgem.jpg,1.0
orhiduglnhchjcyyuksh.jpg,1.0
vfmvsuchigmyylcthdxu.jpg,1.0
lmqfdnganrmzblpyavlz.jpg,0.0
xpbqjweomyobbotwudde.jpg,1.0
htuhyxsujoylxkaopqmx.jpg,1.0
aframbtcuiugbdpnwbnx.jpg,0.0
ldvkzxflkkgltwxgqbjn.jpg,1.0
otxhutqscsnojdbcxfum.jpg,1.0
cvxhrdyozkyldvxpquso.jpg,1.0
cviqjfvrqtckxtkebnmd.jpg,1.0
kfakjitsnyhuarcwrukr.jpg,1.0
wlnypyrwcoslwnmufuuk.jpg,1.0
ietrwfxcdpljxxpqycai.jpg,0.0
hxajzenjwqrvylcufcsk.jpg,0.0
zbyupzpotozcdydoiwnd.jpg,0.0
yvyejkxvgwemtxelejvg.jpg,1.0
uzkycpyodayuaxdxxffn.jpg,0.0
nerudvghfoasuszaljez.jpg,1.0
tzmnzcgnesmpmjnuvmuy.jpg,1.0
bqbrichbbblrzvmdbaug.jpg,1.0
igpqfldladwlhemrfytk.jpg,1.0
pvbnvvvnyvtuhfajxhtd.jpg,1.0
truvllyhounsnmrtjwtu.jpg,0.0
kilnpgztedasnzivtdin.jpg,0.0
lpeggmvqwxkgfcfixwfj.jpg,1.0
opxotsafshzezhrcqsts.jpg,0.0
drxokrtucyyuqmwsrjvx.jpg,1.0
llzjnynyrqiarzfsoofo.jpg,0.0
yctqaafwzlkqvlacocju.jpg,0.0
qpzhstbijgajgnuuyyza.jpg,1.0
lesjcjcifxbllxsjjmbq.jpg,1.0
jpalsrofdyzrlusfdpvz.jpg,0.0
itpwrgffzqfncldebwrk.jpg,1.0
uezqvxkyklvwxsnjitbu.jpg,1.0
jyvktlonaeeoiwdupyvj.jpg,1.0
oybwyfagtovmsxnwlugv.jpg,1.0
wqylozctaorlvwlydtbm.jpg,0.0
vaiuudjdicdkmoebevsa.jpg,1.0
bwjegoppipwwwwvofymr.jpg,1.0
ocantexflelflozktxqg.jpg,0.0
kfspoaosqjubllrvjoui.jpg,1.0
qlitnxnbqlowxfzffbld.jpg,0.0
ixbmpeicbmriupntkdew.jpg,1.0
mijeayfdrgnatihqeswv.jpg,1.0
qbvrcxvugznbfodqllud.jpg,0.0
nfrvmaaohvxgkjwktehj.jpg,0.0
yhrwajuqfpcgjhwsefqs.jpg,1.0
haboiqflbswtcdtltadb.jpg,1.0
fpmretcchmrzzvdjhjqh.jpg,0.0
tuzzaefabzuidhbpbwqr.jpg,0.0
hsdhjekkbxftujnjcqid.jpg,0.0
yozroezpvflnyqnoubwl.jpg,0.0
bfzdqregtkrzuidragaf.jpg,0.0
wkckglpqoszjuevzzhjo.jpg,1.0
jonfbcvebvbdeqalqeyj.jpg,0.0
mkqczydjqyjlwprisurx.jpg,1.0
rclpstyiwbudlvcargdi.jpg,0.0
bmijuwqagfgistatjaeg.jpg,0.0
uwfhjobonradnuphktjc.jpg,0.0
pvsuxkhkdsxumkffdafu.jpg,0.0
awoxtwhtqfmokydcgylb.jpg,0.0
cuzjjigtbzwpasarbhju.jpg,0.0
ivowwprlyyurqzfoawie.jpg,1.0
efjdorpaskhkfnqwbrnk.jpg,1.0
mbeokjnwhqyvtrlpssfn.jpg,0.0
cvhyyhdlntscrbehmszc.jpg,1.0
nxkegnrqrjahqbqzitrb.jpg,1.0
rdrrbpfuqahwpufloxdk.jpg,1.0
qncbczvjgglwxuhrmnkj.jpg,0.0
hypymbjbwcgxnsvmtasc.jpg,0.0
qbkwgutpfkkjqjffwili.jpg,1.0
aiogylaonzxafxmhjoyb.jpg,0.0
jwtzhliqsetcrfkhdcpf.jpg,1.0
ghimnezrdhbdwkitkxur.jpg,0.0
tkzgzglmjpjwnkwqwmcy.jpg,0.0
hikkglsdvnphooekvllk.jpg,0.0
kkuxctcwrapmridpildw.jpg,1.0
zpvhngtqiyzlgikiopaf.jpg,1.0
envrqjdflkgszguqbvsc.jpg,1.0
tjvtbhptbhpujrjdllqc.jpg,0.0
dtmkzvlwrogdnfimhnix.jpg,0.0
imeijzadsaysurbtxpxe.jpg,1.0
rnwzjbljkmhdyzfasjeq.jpg,1.0
hdwqbygifdavmbndyxiy.jpg,0.0
oquwppwvjvqnpqzogoix.jpg,0.0
qbgdgzibeeariybsnnbr.jpg,1.0
andevqkhtshdtnidzfdb.jpg,1.0
mbqiooumowmazwxrmrpe.jpg,1.0
neqvmhgybwoqnimzkqis.jpg,0.0
jezyoulmptvmtfudismz.jpg,1.0
jtnyzwoqjmbetqwklhrf.jpg,0.0
lbvwnlacfdviuxbujysg.jpg,1.0
zagklffztnbydcdaxyjc.jpg,1.0
jqzsfardjjhifackqtnj.jpg,1.0
bbqpglmqhnqbzswbtyyi.jpg,1.0
jkncuomgjlkleppkcxgs.jpg,0.0
yanndaoldgjlujneybgy.jpg,1.0
ktzywcnxwuxtmixdbbdu.jpg,0.0
mopfonqcyiyniwyneleu.jpg,1.0
rmwqnbqerexbkrynfanw.jpg,1.0
stijpuuozpyaqxqahmmw.jpg,0.0
fjftxjtquinodxefkafg.jpg,0.0
uczrpwzkgzgltvamjjpz.jpg,0.0
uaoniazwwerojtdpochx.jpg,1.0
gaibzqohovpbvocygnbt.jpg,1.0
irpifjposlpzftqcsnfy.jpg,0.0
dgzrnpradzxfjheyunmj.jpg,1.0
hetuhxejisfuxygpindo.jpg,1.0
wlweqcdhqocoipxcxamt.jpg,0.0
cxnrbbjhcmdkpmdylocx.jpg,0.0
gwzxlzfycwuwmtffyoxa.jpg,1.0
svfezbpplldugbofeleb.jpg,1.0
bxxuwauqmbkanjapnaqn.jpg,0.0
rwmoofadvdjpcedjbzha.jpg,0.0
vrpnpywefkhllnyegqbd.jpg,0.0
omkpvqcrgckakfhohdwl.jpg,0.0
vecotmnwzfplukqgyxbi.jpg,1.0
dzekcemizygijnxtghbp.jpg,1.0
xwclnpjvagzyfauqouqe.jpg,0.0
nixuubztbcxwcqazkzlr.jpg,0.0
znhynargezgimvgtitiz.jpg,0.0
wbhkdxuaeliteayaledr.jpg,1.0
getiwswooxobrlhumgth.jpg,1.0
fcrkciuovjrjiyinysmg.jpg,0.0
iqgiisfwemjcsduztpds.jpg,1.0
biyybpoynanqghnzzyqi.jpg,1.0
hvxqprboyhdhmqafmwvx.jpg,0.0
uagpbelmqtjiplsllqyd.jpg,0.0
fpfthoaoztieqtsnmyyb.jpg,0.0
zkmhabybzalvnezjqwko.jpg,1.0
eoyktgnlobmzmvokoqxq.jpg,1.0
tcarxzvhxrwedcygfmnv.jpg,0.0
blenvjtvhffyjgopwdzo.jpg,1.0
qqmyesazrbvagiknyhkq.jpg,1.0
mhkhknlxtikgodiyqhjt.jpg,0.0
cniexbopclfsdyelonmo.jpg,1.0
yqevpebvtvzvjbyzpsja.jpg,1.0
xcurlsyedtfbloggfvjg.jpg,0.0
lmrysxrruynwyrmmjvaz.jpg,1.0
mzuzucelifmgrhkkeldw.jpg,0.0
xuglisbgbfmfqfaeahvv.jpg,1.0
xngchjdsgkfmupyfxlxo.jpg,1.0
xhfkermfsmzkqxfratfm.jpg,0.0
omlpahvcscqchadyijue.jpg,0.0
fsqgbsmhpaxvwrgskmpv.jpg,0.0
qlyvvbsvznypmfbxxmjq.jpg,0.0
snihcwcypmxsmcomxxzl.jpg,1.0
wttaniiwdjanuplcttsw.jpg,1.0
hjncqqmkvlclkhewcgxa.jpg,0.0
gvmxdhljftxyouzalgfu.jpg,1.0
wzmflsqmkxefsclekygu.jpg,1.0
lgjsdvbhrbhwvofddiwh.jpg,1.0
rotxtrhzkmitykktzrhc.jpg,1.0
xissondqrwuoavhbfpck.jpg,0.0
ejhbawbrojifnszzsmpk.jpg,1.0
sbvrhcohxhwupnpqkncv.jpg,0.0
ovrqtdiqasbimudduwdq.jpg,0.0
nxbqdfktwjiuufcqhjaq.jpg,0.0
wfnssmzbgsnbihidscgp.jpg,0.0
ajjaatnfjifrwkmynuwp.jpg,0.0
ikbnhfzjfirpsgbhojwf.jpg,1.0
qhgnqhyotoldgqndzzqr.jpg,1.0
ziltqsiqjtnoquqmflfa.jpg,0.0
eoobwvbddemvieunupuk.jpg,0.0
shqbcgsfywmbgcngdywf.jpg,1.0
eqdvpximhpevxiftuoqz.jpg,1.0
qqdpxsacvopyyujluzva.jpg,1.0
eytsinfoorirzdssvjzw.jpg,1.0
chcgrbxzafglasgeqzvh.jpg,0.0
bpplgombwukvunwlweth.jpg,0.0
chboipperjqzuehzzubg.jpg,0.0
dujhllhwjqvvgcbarumn.jpg,1.0
cpiyjbtjrrzyjxzjhion.jpg,1.0
tpqbjtwrlnkmqucawbyi.jpg,0.0
watrktsywokaokqijzqz.jpg,1.0
qniipbfyscnveqyqprnq.jpg,1.0
rkhdmvlqqdvaowrvcvgz.jpg,1.0
pzthexrvxkmngmuogswq.jpg,1.0
ulwrwxxjyntgthjxvlgo.jpg,0.0
hqymqwonajdbkqffupww.jpg,0.0
oyeijbvssthlxhuqudlc.jpg,0.0
jhdyrlopkxcoxdnfjxua.jpg,0.0
xtyexqrmljohennkrtnq.jpg,1.0
wzoawunkgvrbjzxkkhrl.jpg,1.0
kmrblrzqlcmgitvrxcru.jpg,1.0
sssxfphnntlmmtizglkd.jpg,1.0
myjxlwowxhjrlnnihprq.jpg,1.0
zelwrmbcrqnecatwhlvt.jpg,0.0
mniebmfkqwhymaxdyeyp.jpg,0.0
iahcnoihmcwscwidkfna.jpg,0.0
tkhsnyztqdlumkqfimhd.jpg,1.0
sjtjciogmnfggdvakzgc.jpg,1.0
tmkjxpibqgxxybyuehbc.jpg,1.0
eqbylbobkaphwcxatjpe.jpg,0.0
rbnglkalpwkhtudhetyy.jpg,1.0
fqiatjjnfsrldvqnsuhs.jpg,1.0
htntolkopwmanutaptkd.jpg,1.0
mopduxqguhdrbqzlsxvf.jpg,0.0
kjmpwjlsbawhmnkcombm.jpg,1.0
avfkibhwxtgbqiqhrpkl.jpg,1.0
dhlcbzotfipfqodiinkl.jpg,1.0
rkdijmpbjudzfkrksbcd.jpg,1.0
xttxnpqjcflpfegcymta.jpg,1.0
emvihirvstkfjbmtlhkl.jpg,1.0
tfuyrrolinrfpmnorktm.jpg,1.0
paxoyjhapxijwtrgbfry.jpg,0.0
lzhzyprkqviyqtthckng.jpg,0.0
cadmqnmxopxcviidtacm.jpg,1.0
rjoyfxjykviwpqzlewyb.jpg,0.0
frtpzoegbjfdruipjwov.jpg,0.0
vdkfkmmkyvcotvfjxfmj.jpg,0.0
gixfubenrwbwhpzaasxe.jpg,0.0
wdxcvqjghdallyqixtni.jpg,1.0
ymmuncaemgxokkoomfti.jpg,0.0
ijdmmdftqdxxxpbqdvzp.jpg,0.0
zlakmnmkxbzlvteimwmf.jpg,1.0
kncmpierusqvgyopetbr.jpg,1.0
ymcldqtvtnljdivoulsu.jpg,0.0
llyrorjtmzkyqgucjkiv.jpg,0.0
uvrfrhnxdeidhumezszc.jpg,0.0
rwdqxwbdrociybddxvde.jpg,0.0
kcmjfhizfnbmmjueqxjs.jpg,0.0
kgfogjzbryjzbixiifem.jpg,0.0
khlcazoppxerxshuerab.jpg,1.0
yqneofbueldejrdwaooi.jpg,1.0
ernwedkfuelvorrttuvr.jpg,1.0
anwgkywcacfrvngceovw.jpg,1.0
nzskzydtayjbfddcbhys.jpg,0.0
mwplrejtlypsqavghypi.jpg,1.0
yrcfutsqozxrneaixjwr.jpg,1.0
wykwfyyhjeqccffqflrs.jpg,0.0
lsdgodykhcjruwakzcsx.jpg,0.0
muareyzrxrlqtgseiqzl.jpg,1.0
crdguwycdxoiqmzkjedk.jpg,0.0
bfqddgrbvolewmbapbxb.jpg,1.0
efhughhwktsxgzeqksxj.jpg,1.0
ulsypckjrkryygmrflww.jpg,0.0
mpfmdvkarsgfgmakudpe.jpg,1.0
uiarwchupmfqoyyacaiw.jpg,0.0
fsqqjpfzvbypvvekxepo.jpg,0.0
smthmvlvurcmlnrwkwve.jpg,1.0
lyjdlvthvckoxikxytrj.jpg,0.0
suncwxisfctojbipzeuu.jpg,0.0
ttgxnbfpsjixkqejllla.jpg,0.0
phhtbgtczcxlghuodfff.jpg,0.0
asbmkvbdbkranqkmyxyc.jpg,1.0
cxcwlbkpyvrdtycoyfpt.jpg,0.0
gncdybxihsmiyjtuuwww.jpg,0.0
oxyscaenmhnfkjernvkp.jpg,0.0
qcuybbbvvjjcfpgzqnfk.jpg,0.0
kszyadnvnvkwykhuanwe.jpg,0.0
hdfqafbukcbeobrjkfev.jpg,1.0
behpiyiibtiutenkbcls.jpg,1.0
uouyibxklshptntcyddj.jpg,0.0
slstxcfywikrftplotzo.jpg,0.0
mtdvwgpxjmxivsxyxdph.jpg,1.0
hbeodghryhwrclakpghp.jpg,0.0
hevlfjesaxqetlamvqrw.jpg,1.0
lzxjqscbgkwsxmfrgcew.jpg,0.0
berfevfnmeropopclsnf.jpg,1.0
mwovleqdonooiuzctcvx.jpg,1.0
svrajfvtttxkltzzfzzy.jpg,0.0
ixbmzwbhzzxgrbswqdmc.jpg,1.0
ujkvgfjmfilhpdkhogkx.jpg,1.0
csdfyunihgwyxikjouqo.jpg,0.0
xqbknplqlwwqvgespoee.jpg,1.0
dtqmoygmrafotkwomrts.jpg,1.0
tjhvrposcscdvxdtrtau.jpg,0.0
xkfzhfbqfacgrwlgcpjq.jpg,0.0
zymiymaaybiqqbslmgrx.jpg,0.0
pgwepyzakpeqoupcrfwn.jpg,1.0
pfhzycsuesqrtmrhcabc.jpg,1.0
xsdztkqrdvulohtjmifa.jpg,1.0
qszuqyxcbfqeyftrxddr.jpg,1.0
wcouypecquxopgflgmvg.jpg,1.0
fyfryxsirojtridubsxk.jpg,1.0
vbahdhdpqffcyntqnght.jpg,1.0
zaeesraeycxqlzseltux.jpg,0.0
bpodlamthxfgsmapyaxl.jpg,1.0
fbukeinqbtdvojklmrxa.jpg,1.0
ymbuhkbfhpxevquipodd.jpg,1.0
felucmykjtigprlkyhuq.jpg,1.0
zylafosvosbbavlmkclt.jpg,0.0
pzikmnnyswdaqxbvtgtq.jpg,0.0
gxhyzapyeeoutizisqwm.jpg,0.0
dgcvycgszhwhuuzfcpte.jpg,0.0
tqyqawckkyenqpronsxb.jpg,1.0
ghdsxfqnmqvpvqssvrlz.jpg,0.0
ntkdrjtbqmfzyajpahnb.jpg,1.0
hwrgrqfxnlshypbdpmeo.jpg,1.0
ljouqxffcakmfokqobah.jpg,1.0
mmkgonqgmluzddehjcjv.jpg,0.0
xasanqkuvsiwjmyghmsb.jpg,0.0
wvegchntukbrtrraatyz.jpg,0.0
lswayszngefiksepbfiy.jpg,0.0
jjpzpawvaenjjjujoiud.jpg,1.0
kijoratjcdqpfmzkjcdf.jpg,1.0
mtyeytbgdwynoqllkygj.jpg,1.0
mntjrmccbwjdfllnxvcy.jpg,0.0
sybjmpzthgpirldeiowa.jpg,0.0
qvqgrmzfwivyjpzqxrvk.jpg,0.0
ghclnihnwdshfytfxkge.jpg,1.0
kjsnkjgygsuchjaovvfr.jpg,0.0
bgsicfdunsrrrdqggdgb.jpg,0.0
sqgbjszbiqlzrrwxgcze.jpg,0.0
xujcbxijejoaqymrtfud.jpg,1.0
drbmvxuxvwmbvbflnimf.jpg,1.0
jxkohwbwrtnpgmomdkex.jpg,1.0
qmhjjfsfxolulgfnxblk.jpg,1.0
jpkmgtzdrhgyaymvozqm.jpg,1.0
hlvgqxodfdfirzmdtloo.jpg,1.0
qzshphkgzuowrpnmqmja.jpg,0.0
dkoufxtoskjeuchxoeny.jpg,1.0
zrpjmkmwwswdfvwftijm.jpg,1.0
iwufonrvjtwktciyxcbm.jpg,0.0
bltaagoyblepeqeunvpc.jpg,0.0
jxxmrmykejczryuwggig.jpg,1.0
xmorhhuxfmaqgjefrdeo.jpg,1.0
pehkzfhtjgjtpggrkiwz.jpg,0.0
lafedlrbdbmpxbcislbj.jpg,1.0
teoinaiccojwfocldyrg.jpg,1.0
aznjyowotsqgqlemmgvl.jpg,0.0
wltalczxozjpectlcrei.jpg,1.0
ydgzqdvrguynxqlcxsdd.jpg,0.0
huaruwqfgsothucsazco.jpg,0.0
zagqgukjfqrntfwlttjz.jpg,0.0
nrygxzgwgxqsjaeufjrn.jpg,0.0
myhmxzntqsrenixihonm.jpg,1.0
jknzxvtlfleetfaszysp.jpg,1.0
jbbavdtajchmmothqifr.jpg,1.0
fgqlsrgvotxvuufdyzep.jpg,0.0
auayxsnvesjopfylmeca.jpg,1.0
zgfrdrmpmckiezrmezld.jpg,0.0
ogonlxocdeajweyanxpi.jpg,0.0
wtuudzxfuoaadgmdsrin.jpg,0.0
mleitmimiipfeajkfsrd.jpg,1.0
ycehilmxusqmpsuvdugd.jpg,0.0
jyhueeaicdjtofgpbafu.jpg,0.0
xwnmuwlzzldavzgejyjx.jpg,1.0
hubfmohclnzamtylbhsr.jpg,1.0
ybvvdqtgyovqmowxjjft.jpg,0.0
znbkajavjqomfvnzrmah.jpg,0.0
smqaptfrlnsccmjhmxrz.jpg,1.0
keirqiclruzanqxeqrdm.jpg,1.0
mlvahhhszofnjoyjcchh.jpg,0.0
alidbnvmfupqxkagojth.jpg,1.0
bpkublfnawoxgytywxwy.jpg,1.0
jwcpeflpnvxpvsuwjzci.jpg,0.0
izdibupfojjbpczberuc.jpg,1.0
hnkmuukeiokaziawycem.jpg,0.0
haartkyidgquinmfygru.jpg,0.0
zaefgllnaglxvfknyxaw.jpg,1.0
htwmdmzkqbyfppltbati.jpg,1.0
ovrpieymltlgcfolrcqz.jpg,0.0
gefxhxymgyslzukoxbju.jpg,0.0
kyoutskzjckexclrftyx.jpg,0.0
fzikpxjywpkprsqysqar.jpg,1.0
pafvoxmeagkkbicdwjhp.jpg,0.0
slrtgnctackxfibavqvt.jpg,0.0
zwsblozoaliijntzdhkk.jpg,0.0
aiqzowlyxiidbnkpgjyk.jpg,1.0
ofwntkdrvmamygpkdhvk.jpg,0.0
hskyotilkhysanysdzyh.jpg,1.0
ofipeeeylxnpmtezwtdu.jpg,0.0
fuuwcpditptdljvngznl.jpg,1.0
hebujbjnadjbzxeaaoen.jpg,1.0
pxkzzapxcipaapstjrew.jpg,0.0
ungwvccwjnlzsuqqgitj.jpg,0.0
xtpkmcpaighfjyzosqfx.jpg,0.0
abqpxxfezrmhictmumto.jpg,0.0
jnylixhtkkryreudchlf.jpg,0.0
quvlsmdocvslmmmmmwkv.jpg,1.0
jhfxtchpralahlbnhtvq.jpg,1.0
utgsbrwfjnsjvaayzigk.jpg,1.0
bnwjnvqjkobllzkdnpym.jpg,0.0
epfijfwqqzjiiiicsyhl.jpg,1.0
gmmwpvklesgfpiollrbj.jpg,0.0
lpwvxiyedhmbxspsnfze.jpg,1.0
vpgrncmfsybyizvqatax.jpg,0.0
lyvwvxcwgldxcaygoxsx.jpg,0.0
ibvhugthzggvdlmhblly.jpg,0.0
txqqnxlqvenzabcvcenl.jpg,1.0
ijysdfkbylwwgivyepkv.jpg,1.0
dkhcetvnirzjsdjosibl.jpg,1.0
hqilfczidvjbpsstavuw.jpg,0.0
pchkxdcpjqmbiechgjqq.jpg,0.0
bhwgmmlncqvjfclxbptj.jpg,1.0
ssjvrrubnwvgtmrgcrbh.jpg,0.0
eyxtbporpgiwlehzfddk.jpg,0.0
cxucrdvgeqklpwksfihz.jpg,1.0
ehrdacjfmnedlqmyrjtm.jpg,0.0
bhwtanhrxzaqesksfdhv.jpg,0.0
vgpwqpfkpmoftxzleary.jpg,1.0
veuhnzgxdlnatzulimxj.jpg,0.0
gqeauystydjoqrbsedcl.jpg,1.0
yoikatbtaoatkqsyelpt.jpg,0.0
lqtqssezbhtyjtuuwpgt.jpg,1.0
osqdkwlzoklwyjoxisrb.jpg,1.0
nwzwaykoarfshumxxldr.jpg,1.0
hgwlrbqjepsjdwxtdsqm.jpg,1.0
akbvevuodirunradnmst.jpg,1.0
jjgcegweyxbfddwltjwz.jpg,1.0
ovlxynhconiabysdvgjj.jpg,0.0
zpdeuikrbqayxxtkakwu.jpg,0.0
uauunusvffycgrdejudt.jpg,0.0
dlpfpttazdsuhzbbghwh.jpg,1.0
vrrnoymicrxzniornwjx.jpg,0.0
npovwgorwqojebphuwdh.jpg,0.0
uomjgjirtltpgqvgedna.jpg,0.0
lxovaxohvrxebsszwbuk.jpg,1.0
nsfnmuzznyiamjufdshi.jpg,0.0
qspqdtqotzbirfdledwi.jpg,1.0
tvxoyalflbyjzztacsuz.jpg,1.0
ykwcujnhdcsjqybruoaf.jpg,0.0
bitbptlwjtblcuqckqno.jpg,1.0
bwzplzwpxyvjkzljsybd.jpg,1.0
jsetdwufjumhzeqzonsv.jpg,0.0
cmqjpjbveljfnjozyzjj.jpg,1.0
xmjholhvnohxymddkxhf.jpg,1.0
pbmobonuvboehwfxjenp.jpg,0.0
bjimqsgmyrngrvmbdvlu.jpg,0.0
tpeyudsqwtznrbljoueg.jpg,0.0
ucnibituahadtvisglyt.jpg,1.0
mwygzzgtqprvvcjcprku.jpg,1.0
ktlonkmofelndklwcbeu.jpg,0.0
rpomualzfjyvedhzkbub.jpg,1.0
xrathjlzrgvqyrrlscqp.jpg,0.0
tvgvvovxhlmgadrlrmkl.jpg,1.0
tqpwqaxvuiyjeoluiqvn.jpg,1.0
sirwjkjxbsibeooffinz.jpg,0.0
jxmgasnzdwuatngxvara.jpg,1.0
mubcvaowhaeeeqvbytfo.jpg,0.0
ssmroxlosmlukcxboqmd.jpg,0.0
ithrcxubfvnsnncpgqla.jpg,1.0
ixbmeiipzmracxurddzc.jpg,0.0
cecpixijpxoesbrxtjny.jpg,0.0
jlnxkiicxddehsgksyku.jpg,1.0
apsdmqscvzvbhutaeyph.jpg,0.0
tzjoodnecbjnjjmheyzo.jpg,1.0
uidalhgmfczfbwkfgwza.jpg,1.0
jhqftjqktgnftrpyvcea.jpg,0.0
lhorcvzjsyfgjqtlsyew.jpg,1.0
noyekzgdwjxxqmhvdzbo.jpg,1.0
vhqddpbnrqcsncvhvmdx.jpg,0.0
ghnjkdhvmckbklrzzjwe.jpg,0.0
vmekcjvzgukwdodlscps.jpg,0.0
zocjoytvmocjpqlsugoh.jpg,0.0
ivrfzvwdmsvrmdvceamy.jpg,0.0
oebvpkhvgbvetumyqsei.jpg,1.0
rvwrftngoibjcwdiqrsn.jpg,1.0
iujprqtwtinqvayyrqam.jpg,1.0
lkntuuazioqbdipcajli.jpg,1.0
xjysslxnwwotxttdrkvf.jpg,0.0
aejhoewsqrpnpzdrombw.jpg,0.0
sfpyfnynvyijmkjtotam.jpg,1.0
smlknoflfvrmakuqsxcw.jpg,0.0
mhlqzsrirygubztsxlix.jpg,1.0
bfduigjrpuoqfvjzhisp.jpg,0.0
tbzhyvwpgwszpbaunamd.jpg,0.0
uotuvkqgjpbdvskewelu.jpg,0.0
iycckrvijbhjbxwkslzh.jpg,0.0
yxdlmmogmoldpneezxdo.jpg,0.0
avkzwisozokqctpgadez.jpg,0.0
sunfnqyuiicovepjajtz.jpg,1.0
ukdldtnczgmbsrawsrzd.jpg,0.0
efkdpjfopndxsnqkqzuv.jpg,1.0
djbgqhmudemchemfcikm.jpg,1.0
qsgeodwbudfdauxxygyh.jpg,1.0
xnktoeayebpoucexgsru.jpg,1.0
gpzwrjntfbyflyfhygfg.jpg,0.0
zzoulpznlsiozzfbgqda.jpg,0.0
jctftrbpkbnlxhixjqli.jpg,0.0
oradzcvwdskcpjxkywry.jpg,1.0
bakymaeblrwajbpchuyu.jpg,1.0
qfutbvivnrvrsoyzmque.jpg,1.0
yzedenlskhngvhssvgka.jpg,0.0
zjhpdoylhsswkihbwpfh.jpg,1.0
otjgjzrwsnhhjvddqsdm.jpg,1.0
shzyxctcpojhgmhazvzo.jpg,1.0
rrlwzsxschpjywaxwcvo.jpg,1.0
lescjvfgmawehzfrdfgf.jpg,1.0
beteyecdntndodxhhksy.jpg,0.0
crvqijxwzxmxywziijhm.jpg,0.0
oqmuidanyfqxriimnjkt.jpg,1.0
qdiypufvvslqtagyzapi.jpg,1.0
zmqkyvervjdlrswlyghr.jpg,0.0
yhkpqrpftimakhderlxn.jpg,0.0
kuotaatvtphaesggakmw.jpg,1.0
cdnzcftoiyfuibsydmjg.jpg,0.0
fcimgmoxeaknioizbsoo.jpg,0.0
gxiausisykefxgivmbpx.jpg,1.0
noblgbvxzilbxskhpnwa.jpg,0.0
cwxwnocuyvjwxrfcwlwm.jpg,1.0
udxighkhcvtjtdmqjgyy.jpg,0.0
rbnztwexgqgskwertyqq.jpg,0.0
algfxfwxylujmbewjavi.jpg,1.0
ipzrfobjxbtcykcnddwi.jpg,0.0
hfnjrsqybmwqvepvdyiu.jpg,0.0
ezhloopvjwowhqxdbnor.jpg,1.0
eirtaqarczfocaigrzqz.jpg,0.0
fwsfkxwwfhiofnzcuhny.jpg,0.0
hphczgfpvnwolosblgzh.jpg,0.0
celzaprtddiisxweeiez.jpg,0.0
nkfztwdescqruzzvczdc.jpg,1.0
ayzcuqyhlttusvfbuxfk.jpg,0.0
kxzdxwpqwypituwehcsc.jpg,1.0
tfflfasatllhfsawziir.jpg,1.0
evnwnmpqjpjymujyoqrn.jpg,0.0
gpoxkwaulnziwjlzplbi.jpg,0.0
kxwjjkldjmvzuwvvptav.jpg,1.0
jfsflohanwuflzbgxfmg.jpg,0.0
cmkrmcdkxatqmzjxhibs.jpg,0.0
knfvhlcjavgocjbixigl.jpg,0.0
pyopdiyyskwjfqkyagtk.jpg,1.0
jbzorbfdaeezlwxpdhgq.jpg,1.0
ltawlvtspbkiuzwfdkvi.jpg,1.0
gnxbhxuumcynxyhyagca.jpg,0.0
ibctriwiwrajqsamxpwy.jpg,1.0
ccmjtifzbgslvmcbqbqc.jpg,0.0
llnavkiclaxinhvbrgzh.jpg,1.0
sgiktocvlnsjbogslslw.jpg,1.0
smrsfylgxuamtsbwtaqg.jpg,1.0
zitkjsgpplvropjxlkyj.jpg,1.0
wzymxookukriqzjfxkpi.jpg,0.0
xfexwhzjyiisimkmkmvl.jpg,1.0
xjaqojaxriljqhqalnsx.jpg,1.0
gkkuwzzhoieqtvtbejto.jpg,1.0
nqlpbbwyvuukjeudymka.jpg,0.0
qmolbmafhytfzcbstbac.jpg,0.0
gxzinoghaqrkbclxvdqa.jpg,1.0
ocgtldszwtrbvpjrbuod.jpg,0.0
rojgbjucetgwtutdamsd.jpg,0.0
paryaowppsdysyxnepqq.jpg,1.0
wzurlhkttjgtybcihxpk.jpg,0.0
viqtxxvmtgiwrarxlrfx.jpg,0.0
cftuzgbjevblvrooooyw.jpg,1.0
wazhvtukleqgahdkmghq.jpg,0.0
hqvbeaoahzoybudlutsj.jpg,1.0
lbwstpzsipzkreuzdzhr.jpg,1.0
gwngjoigxixjqcbwtrwc.jpg,1.0
ubznpatrszmbtwgmdyfa.jpg,0.0
eppcijeebbhlerfyctkn.jpg,0.0
vfcvppvfhtiyeyyjkhdn.jpg,1.0
dlfilwiygcgqonlbrgfo.jpg,1.0
tcursxmpjwwsjkyyincc.jpg,1.0
odnkinloogdmrhnnvuwm.jpg,0.0
cepsgvnmxrwdrgckazgd.jpg,0.0
dgwfonclpugwkgkgdaeo.jpg,0.0
bzdmljawmejjsweobtav.jpg,0.0
ihngsftcivhccuntnjgr.jpg,1.0
xdvawuskypcjopwsmxmx.jpg,1.0
myouyhojjfucyenxfrxf.jpg,0.0
ounsubvyhyorgfciznfo.jpg,0.0
dqlwoltzvabxirdruecd.jpg,1.0
jlztmfpbkvziipfpvawx.jpg,1.0
vokgxjvlvmnnnomxgwye.jpg,0.0
wspfxjijljltourpytvg.jpg,1.0
njiwlqhgxevtvojnojfd.jpg,1.0
fafljagjnhbunapnrecg.jpg,0.0
syncuejfqvthbwwalxbw.jpg,0.0
thxjemmtzdanbbcigtwj.jpg,1.0
xbfuntgyafhbdslefuuu.jpg,1.0
ayssocvntqmtwsvagflb.jpg,0.0
ezbjxleohvgnacspqccw.jpg,1.0
ldzzoqhammdnujwttwpn.jpg,1.0
alopcruhhyqckaiuqpeo.jpg,1.0
qazubjpdvtwnvyjwheee.jpg,0.0
hkfusqxmshgtdqcouvwl.jpg,1.0
xchgurjxodfgpwwmwlom.jpg,1.0
zsiirotugkayrhqfuuhk.jpg,0.0
lprxwtsrdltgrfgjipzm.jpg,1.0
rummihukxlnzfdwgroab.jpg,0.0
hstazijyxyxxyqhhcdms.jpg,0.0
qebfyiqebqwvmgnkzlio.jpg,0.0
kahlhczhsxppcrkeqzew.jpg,1.0
xzqttuvqnelmqdjjjahe.jpg,1.0
rnztxpnbzyothefpukua.jpg,1.0
elexehdfjtoxqagyifwl.jpg,0.0
ojaujwcyojoxsaewcbdr.jpg,0.0
bepgtdzsmjzgxkhvvuxg.jpg,1.0
birdhozdeypbkggxeieg.jpg,0.0
hbwmlcnqgapjsqwqueuh.jpg,1.0
uzhdlomaloyukxgvemxk.jpg,1.0
jbeotlavtbdkknvbxcng.jpg,0.0
rxoiddbttuappsmfubnr.jpg,0.0
mapavnonrgzggodvatel.jpg,0.0
rizktxilhlsecdtxxwzi.jpg,1.0
njzdlyccqqnlsdmaosqj.jpg,0.0
gtuhmxpjdqgglbkgjxik.jpg,1.0
nbdspexhwbviloolpyjh.jpg,0.0
awfcbgvtrkgdlbytnspl.jpg,0.0
agxdupwgzywrzvpoowil.jpg,1.0
owvbtpnqhejozwfjinfi.jpg,1.0
bewdhtjhxaoseggogpkk.jpg,1.0
iuzrldxvpcwvgtpuqzyx.jpg,1.0
dzbipjjtmdeemivycmqi.jpg,0.0
mnbwwtgkzfxwtbciwufr.jpg,1.0
ocmvomgrwnpyoetyhfxk.jpg,0.0
lbfqmusqcbznxbsmfkpx.jpg,0.0
qukuusjnvfyxccmompdr.jpg,0.0
obwabvjfjwvwqkdsrqgn.jpg,1.0
xmvmodutuayaqxlknhjr.jpg,1.0
kqwkoitkbrkdmvohujvm.jpg,0.0
xruoagtavsnlnilettis.jpg,1.0
aokvpnqdypdxjkzcnbxq.jpg,1.0
xjvgpcgkzxurcnnyqpgr.jpg,0.0
zaczevbtygssvkqwzzrb.jpg,0.0
cvtrpjstkvsmdioazcne.jpg,0.0
ptrbyydgipaajrcbgxtf.jpg,1.0
nlzzzmcdlhnlsmtydfzy.jpg,1.0
gluhuphnsuzjpnaqyqpe.jpg,1.0
tzkpmzdicgkdqlzzudfe.jpg,1.0
fgdubutbhukgohbokmks.jpg,1.0
gxsycgatidinlhikpxqs.jpg,0.0
ksejmcvokrlpkzzterlh.jpg,1.0
tqlrqevzmrbpxkllkbtn.jpg,1.0
guxblywgbokiumuakfrd.jpg,0.0
qbzlnbxdjrkxjinafmpp.jpg,0.0
ewsorbdtexktnslnsumt.jpg,0.0
xvhpntqogqewfqqsqoop.jpg,0.0
naqolhxtnkdlusixzcyt.jpg,1.0
liiuhkzpgvbsnwritalb.jpg,1.0
gjnnyeknmmyvmaqsqnod.jpg,1.0
sbcgmcyukroekxelnzkv.jpg,0.0
wnpzmolvnjcdvqilcacj.jpg,0.0
pvsyuhougflwjxpmjqlb.jpg,1.0
drselclbzjzcuvpnuvbw.jpg,1.0
buhnusythqtsnbhovyfb.jpg,1.0
pmyjhvcclprdrmsbiurv.jpg,1.0
yqlahbhauzbyruunmctt.jpg,0.0
kbsugkvkxhfddqlustcx.jpg,0.0
kunivqijsnuizlvlwpwl.jpg,0.0
qeuisdtwmbjqsbygncfm.jpg,1.0
lziayrstoddvkhbmpjgh.jpg,0.0
mwxzpiuaiiesdjkgykyq.jpg,1.0
cqnozqibixdkmvkoxdes.jpg,0.0
ainxjtzjaptqkpkcetlt.jpg,0.0
uffkaidfkrsjkyqyclda.jpg,1.0
arehwmfesergzvjsuimf.jpg,1.0
gtfovwlqbufoxflknokx.jpg,1.0
ihfcipeoqjehbnyaafay.jpg,0.0
hzjdblcaolfvdzakiztv.jpg,1.0
wnadicvubxghrsnhqdyn.jpg,1.0
vihkdrddwahhkiadtegn.jpg,0.0
vhpmfadhglwdsdtanhsf.jpg,0.0
mzornraokbishodiblcu.jpg,0.0
llifghevupmeravhepky.jpg,1.0
gwqwrwsriuvnxckafwow.jpg,0.0
lgqsguvepxcmfliykrsq.jpg,1.0
mohvpspnqxkkwduzxwae.jpg,1.0
abxgonaqteakrxsirlxb.jpg,1.0
jbwptfxfbttgkpgcwnap.jpg,0.0
kjksfztfpdqdyhxnexhk.jpg,1.0
lrkdwvzibubtdmbxbwmr.jpg,0.0
kriqkfvkgwaauicfxlwj.jpg,0.0
vbpmvwdonsvmgeuekvws.jpg,1.0
xcynuubokwlibpiizupi.jpg,1.0
kqucupvsdzszedebcgea.jpg,0.0
cenesmcmcemzjbkeckjh.jpg,0.0
wsaevefqvhocaqrpuwwu.jpg,1.0
aceygeopsfcvrykdindy.jpg,0.0
tuhytfazvgvtqmiwioer.jpg,1.0
pkvgslldtwbqbegoutbl.jpg,1.0
ezttuzpzcrdvvmuwwswr.jpg,0.0
exfadvidiytkkibpoqpb.jpg,1.0
jqsdwsofpsvducufqzbt.jpg,0.0
oryuazhcluqrotkgnxal.jpg,1.0
wgwnbunxmexxdyaqadxn.jpg,1.0
rkympiyfgggbuzlmhtma.jpg,1.0
uvqwmvqmzehgvppmdceq.jpg,1.0
ptnswxweblyygivvvknf.jpg,1.0
yochkwwiewgqvhlkzoyf.jpg,0.0
jvtalyrjpptrjihpmunv.jpg,0.0
bqabjydzfmrnakkaqjdb.jpg,0.0
oiczpxyculoomfgdhnwy.jpg,0.0
ttqfmxeritmiajoyhgwb.jpg,1.0
cylzmtqwpoalsjcsjvok.jpg,0.0
juhtnqpvtdonhbrlzssx.jpg,1.0
qgofedctxzezadtwjpjn.jpg,0.0
zzqxpwcqjsavptjjrpra.jpg,1.0
bipnxgdcedxwdvspfbdq.jpg,1.0
nekaiosmunoxbcahdtzb.jpg,0.0
ngaqahfydmughnaoscbj.jpg,0.0
ivbgcfdvgzirqafcdpdd.jpg,0.0
pbvpvzjervqpwvncjmxa.jpg,1.0
ucelkpfygqbfcbarmyay.jpg,1.0
xgksfleapgryeudyxrxn.jpg,0.0
xaywyokfejilnvzgkxcu.jpg,1.0
ioyeyfsibiaqrhvpdbbj.jpg,0.0
ihgruhyextmzjcyyzlhm.jpg,0.0
mtgqctcbocfdgtzjfysq.jpg,1.0
hixsfxepqabzliudiypk.jpg,0.0
lsgcsppkosukhqxyorbt.jpg,1.0
bhotfonrvebctsseyaii.jpg,1.0
ynifrcfpodqczlwduvgc.jpg,1.0
fcahmoonfwwsijixrxts.jpg,0.0
lzqbchnocylmaxgnewzf.jpg,0.0
uhaacomdialkirpqpodk.jpg,1.0
zpyntmmmlqxbzcmhvrrj.jpg,0.0
fzlflfgnklhjkledrphe.jpg,1.0
xfbsdlebkrvuosopsxog.jpg,0.0
slyyixidmgwnwpeowmil.jpg,0.0
nhxjzargsyamuhwnuldz.jpg,0.0
irdlvlvqmjwmqhgxfbab.jpg,1.0
sajspxbewimptmtuccji.jpg,0.0
wlosttmtzejzxvqovpwo.jpg,0.0
yyrxnwchtnnuvkidvzgv.jpg,1.0
blrawvjaebzxwjodsynt.jpg,1.0
lsvepblflzlbuqukigjo.jpg,0.0
mhrtdugulidgozhgpvrb.jpg,0.0
crotjuoegbmpvvhphbkv.jpg,1.0
hbqnuocllikysmqjodig.jpg,1.0
nvflkqjrihgoxrzyppbn.jpg,0.0
xjjucvqcmslmucrpkdcr.jpg,0.0
ekrcbvpixiwmyjontrjm.jpg,1.0
zakrigssggdzqxffkhpg.jpg,1.0
rhplabigwihpbwgohhpe.jpg,0.0
wzltyawpmvqblycgirpc.jpg,1.0
dbwtguyjgrbmcvhhvgrz.jpg,1.0
rukpldpdydifmewpiong.jpg,0.0
jyatrwyxcoubaffxoarv.jpg,1.0
xifdmxkfixmyklmkwcvd.jpg,0.0
oxzhmkoznluwrsqcgcae.jpg,1.0
kllyphkabmdmyukvthry.jpg,0.0
iqwewzrfvrgpbsvuovjr.jpg,1.0
brbwpfoncssepkhluvnf.jpg,0.0
cidbfvfqbfgyvxyfzvmj.jpg,0.0
dfclxocjfnbquuhauoir.jpg,0.0
oxcnajnouyxsfnngravy.jpg,0.0
nvfideqnmyzlwjkdouql.jpg,0.0
czmcphmoyyxxuptvhszs.jpg,0.0
mzqjssawmfdjijacqsgx.jpg,1.0
whbymfplrhoygiajyedu.jpg,0.0
brcphvgecigavksnehmc.jpg,1.0
nzzqmnsnlnlrjaioicdj.jpg,0.0
dgiefeyruqqltabjnqrx.jpg,1.0
udyffubbfgcjrlmxidcm.jpg,1.0
vhvjlbqbwgpyggzuvsfz.jpg,1.0
tobktelugcrvfbrvssyd.jpg,0.0
shoflkzdawwzgzmkqqes.jpg,1.0
wemmfaggnzpmygyeehwo.jpg,0.0
rggflquyotqnzdbblxbg.jpg,0.0
trrlejvmprkchzbilucv.jpg,1.0
yzfdzsueovlpnbywvbtm.jpg,0.0
hopattouuzhpahprbroo.jpg,0.0
qflgblozktkqwondybdl.jpg,0.0
ijgfuxqytvzyvhasvhqe.jpg,0.0
srtxkjnarvidegfiudqd.jpg,0.0
nbbnefsvuljenzdxfwba.jpg,1.0
ziaqdpafcaltyxvoczrk.jpg,0.0
khxdonarvkvjlrdqxkvb.jpg,0.0
qpklofialtkuacncvnsq.jpg,0.0
danoffozmjnnilrsznru.jpg,1.0
ubtwiuodygyqqijnhyjz.jpg,1.0
hyplouxsrwzfhvqlsmgq.jpg,1.0
aqaktevigpajgmcyaotx.jpg,0.0
jrrmhkyhdowkwyzdktgq.jpg,0.0
ntffvtawtcdnysqvkpzt.jpg,0.0
hvosbflvtlsaymkpjwnq.jpg,1.0
lwqjjsgkbqmvahdnvbxm.jpg,1.0
uofvatoiugmrckqnnvgt.jpg,0.0
tylytzjjipgjgaayadpw.jpg,1.0
smztwbaxdnvzxtglecsb.jpg,0.0
gsigxdvawooeypcqcmmu.jpg,1.0
viumomaehoxhsxujsmkh.jpg,0.0
amlqhhmlukednfkzojka.jpg,1.0
ulkznsxeyanvzbplsxzi.jpg,1.0
ahhzfyxetfvmtpviifub.jpg,0.0
gnvdefnmxvyztmhsvklg.jpg,1.0
ahvdcgylophnvyztiagb.jpg,0.0
fxksqvkhgoddmejyoscg.jpg,0.0
cvzyhssrvpmmdmteareu.jpg,0.0
bepqtxggoixwzzgnbbcp.jpg,1.0
rlptcvxsqqwwsnblbrft.jpg,0.0
yozsnfobiqohbqxrnart.jpg,0.0
aohbtsojtpcoziiajkga.jpg,0.0
fccymxdsldmxffzxyirx.jpg,0.0
prquldzhxvoylirdlyhj.jpg,1.0
uerjvwzieavjffbffwog.jpg,0.0
lkakytvcpuetbxgglnmd.jpg,0.0
nvlzejzmrmmwldqfyjjj.jpg,0.0
pudbfwzbknfgsozcpawi.jpg,0.0
rnpmuubvvydbvvqjgbtp.jpg,1.0
njwisjhctfopqjwwggxo.jpg,0.0
thbbzgymhxcpoquhpifo.jpg,0.0
vbmyensrdjtmsfteayzj.jpg,0.0
hemzastdxhievkbpgren.jpg,1.0
stwpkmumyvplhrdkfrhi.jpg,1.0
ufnepfnpdnmoelichnef.jpg,0.0
ndocdpkloyhgmetnwczk.jpg,0.0
nuipssyaskvjsqtvqcqf.jpg,1.0
djedikqaolwjdupasnvs.jpg,1.0
npuopapkcclcjuzronwj.jpg,0.0
xhakidixdkweyiavxgpy.jpg,0.0
jpqzgxilatzubokfdqsx.jpg,1.0
jjgcnvncwgnedajaeadr.jpg,1.0
rrrflcczdozwwntfexvy.jpg,0.0
rgoifrdjdimwoygtaibg.jpg,0.0
fipejwlrtkxollxnprzj.jpg,0.0
zjhphgrshvrdnvzzqjue.jpg,1.0
exrwnhuqbrqcylfaskry.jpg,1.0
wjqevyhjbztpcmqpzsis.jpg,1.0
iszxaxihvjwanbsvonhu.jpg,1.0
unpibqtixwfjwcmcwdgg.jpg,0.0
ewoapovaqmpejctoeeoi.jpg,0.0
iwtqalawauvpwpmcwsjb.jpg,1.0
solvepqjpaehysjnpuxp.jpg,0.0
tmquainyqcrktvlbltji.jpg,0.0
seiiyljnnlxerdhzltek.jpg,0.0
tjcimvhxkobszhmpurfo.jpg,1.0
avvmkvqumagzeuivbmxc.jpg,1.0
zjjvhuqcpymegxiihrnj.jpg,1.0
yypzgqjmhptnvcvujljv.jpg,0.0
rlfetssfpryamsoqcyel.jpg,0.0
ygrztcvcjkwpwhzxnufp.jpg,1.0
tcaelpwydgcvhhymalyz.jpg,1.0
ulymkpmxvfomcszjfeql.jpg,1.0
twcvvugonswrhvmndjlm.jpg,0.0
jfpzeepmnomtfvljvtsg.jpg,1.0
mngrhrgpfmxxogdeslzh.jpg,0.0
wgbisewgxuzntmkmdiqs.jpg,1.0
drhipnnpvbkqgsqpelpv.jpg,0.0
znpgzejaxeahxlsrlkfc.jpg,0.0
rmpsvigevzfxzkvdvgsj.jpg,0.0
hxdjdvpikbnewxzvqgnd.jpg,1.0
yktzxymyjbttkstcilzo.jpg,0.0
zcnemsiuuctvyynfdvbq.jpg,0.0
euwrsdawedseqtuzxgpm.jpg,0.0
uafcdxqbfctprejrpfef.jpg,1.0
fkutzgjokoocttgewyij.jpg,0.0
qjojmxfxuwlqfvpthhji.jpg,0.0
vkipnodfwumsxcnusocj.jpg,1.0
lstmybeqmgugpzwfleni.jpg,0.0
sthpmfuyflvhgayxvtfn.jpg,0.0
vtxywbogyqkcfgqtkicq.jpg,0.0
eeoqnpquczapyntedebh.jpg,0.0
ifngyynywcodcnbfueif.jpg,1.0
zjyxpxwmzlaizqwdjppo.jpg,1.0
fxffwvklunatzjlkjapa.jpg,0.0
lfypqlflyzvhwgcneoky.jpg,0.0
nrvzsudhgqchwznuhmrb.jpg,0.0
wsatlqmesyufkbzusque.jpg,1.0
ofpofpvmpdccajjswrfj.jpg,0.0
elmdpdoovgkabzcvkuta.jpg,1.0
auiaqbbrccuknyesfrbv.jpg,1.0
pfsuhhdorizhmvvjmnsm.jpg,0.0
plfrwrpmqgjnqwycffkq.jpg,0.0
dliyuhoatjpphklesvly.jpg,1.0
rtjfyniltjhtqrmfljws.jpg,1.0
zhmlulhukzsbmltqtqvh.jpg,1.0
ysdvoyovmznzomjxqddd.jpg,1.0
qjtftqphgwfddtbymugw.jpg,0.0
nxxnrqjonvozuwthjfpa.jpg,1.0
vjihkqmtlqkdbejyhbys.jpg,0.0
xaqpcgisghlurzgjgwdt.jpg,1.0
yiugcojrisqkjilmbdrm.jpg,1.0
qotxafnzumedjdkrrvyo.jpg,0.0
dtrxbspeeoskfnqwxbjd.jpg,0.0
rjnopqnnbxeibznbnrtj.jpg,1.0
aaashhimmhraddpwwizz.jpg,0.0
lqkokwcwvjwkgjymipwx.jpg,1.0
bfivqwdxpatxrwclpxrt.jpg,1.0
dpnergikuusdtqvugwfn.jpg,0.0
nwfatbumhkwxriuvnxfw.jpg,1.0
awreplqqfehyjmfprimb.jpg,0.0
ewnmwzdyxtrykslualox.jpg,1.0
xvfwcmvloiqidpuucqxk.jpg,1.0
snuxktajwkzuvzmjawtk.jpg,1.0
aqhfojsaeisdnpusyeuj.jpg,0.0
sredfpmiexpyvlpcykri.jpg,1.0
ounoblhkwnawmwtluman.jpg,1.0
xqzseswivaoquozkhxqa.jpg,1.0
gyrmuvbhfeizmuoulbdw.jpg,1.0
iawkzvqiegrfxeokrbcs.jpg,0.0
obflrnnjmxotrbthqufc.jpg,1.0
gurdbrretxgljpobjvfc.jpg,1.0
jwtscjqsciypvrsizxnm.jpg,0.0
uktmdiccfmfepyartztt.jpg,1.0
sumwindfmmygfxehtvml.jpg,1.0
dlscnrcpaswczzygkcob.jpg,1.0
vzhuxtmctpuplehenrmn.jpg,1.0
pjbnwvkhfhkvldpzviac.jpg,1.0
lnzvvhgnvagpascoecuh.jpg,0.0
eanpgwidauijksrervrk.jpg,1.0
eetsmfkldpduenmunpby.jpg,1.0
lfnxotartezqjehbzezz.jpg,0.0
noiktzwwrqqroqiacxto.jpg,0.0
qhgybafivgrynqphisug.jpg,0.0
zjvqveehrypggxavhcfn.jpg,0.0
cwnnqatbopjjtnmupgvg.jpg,1.0
kehyctslgpzifvtsrxik.jpg,1.0
elnoiyurkcrekstuuckz.jpg,1.0
dcfdubsygrgmekyqnmzd.jpg,0.0
memrpghxfnzkinojfavi.jpg,0.0
ydlaubklpfitogxlhzmk.jpg,0.0
qmtnybtkenwwtinzwugo.jpg,0.0
qgbjpdzzhqpvfthqohvi.jpg,1.0
covvnnokskdtyhuaxryl.jpg,0.0
pqfezmkrlkmdwfvtxhur.jpg,1.0
ebkvshcxgklpyjpdrsun.jpg,0.0
japndmoxebibgipmsycn.jpg,0.0
jsyuwmhhhlckmgnqolew.jpg,1.0
daohrphqomqydtladoki.jpg,1.0
glkopwmodxdooskvkgxa.jpg,1.0
izmtijzhlmzgneikixja.jpg,1.0
risbhnltcabmmfvnldrk.jpg,0.0
gkzenkxbbcryteofhutg.jpg,1.0
vpnetokbtrdqmxlgstzz.jpg,1.0
cecgnnnfdvinmjbknwyg.jpg,0.0
tgovthsrvvsbygxaugyf.jpg,0.0
lxdjgjvbnaimkfusobkf.jpg,1.0
qnszpaimnvpskbzlptlv.jpg,1.0
petdfjbkmoawccodbwwe.jpg,0.0
mvxeiznweheeoddunmrs.jpg,1.0
ygvyvfvbcgdanhagbalu.jpg,0.0
wsgxvhrkicyjbjzvrzoc.jpg,1.0
gxyejqarhlbvmbmpyans.jpg,0.0
uvtyjmrhdatnbzydferr.jpg,1.0
xscezvtyjhnncysjtlbx.jpg,1.0
ynzhrauakhnqcvufdeoq.jpg,1.0
pnlqbezevkbtznqaarlh.jpg,1.0
vchchukaeqfkmghcyarl.jpg,0.0
pgqlvhluowaquvhiizzx.jpg,0.0
uugwqokeoooqqpsmnqht.jpg,0.0
dhxisnnkdmlqodhoggwu.jpg,1.0
wqzkcawtlzcvimdabfqs.jpg,1.0
bzvmmlcegodjxioijwtk.jpg,0.0
vykzakkoykriwkydgoyj.jpg,1.0
xunjuaasuzpjsuengojc.jpg,0.0
vhikvwijwpnmqaoyxhgr.jpg,0.0
fppqpnjrcqcbshuvnrwx.jpg,1.0
dsgbnzbnjbzqwteibwdm.jpg,0.0
akanvlypwtbrapcieimk.jpg,0.0
htyjsizadonzexpjqaoi.jpg,1.0
fhirrrzbmmkgnrbdojvz.jpg,1.0
tjehcauofpfhiipyjtap.jpg,0.0
pkfrbaxxglvxbcvhfkko.jpg,1.0
dssjsukhwcasdkfvthrh.jpg,0.0
drmzsiakrhufznymridp.jpg,1.0
uskvkgbycogunduyhuwr.jpg,1.0
iunibjrrhyxhiyefirth.jpg,0.0
bzbpcdubdquzpdmtxjjq.jpg,1.0
prdbccbtmewwqespnfld.jpg,0.0
lcsjibmfhemyehexzzak.jpg,0.0
ekwdcvchevdopbhiliug.jpg,1.0
buwtamzuxpmgyxsdaeyv.jpg,1.0
kewmuffhsoxihbuqiakv.jpg,0.0
dklxmipvwtnvdpvxxvmz.jpg,0.0
ysgqkqfpzvbzdnwrrwry.jpg,0.0
vonuahucbboolvoqiqhp.jpg,1.0
rdfxdwktbebukjuwfgen.jpg,1.0
dusiwwgagorlrpkcvrtc.jpg,1.0
viyagghwxfmhstbijcbg.jpg,1.0
sktvrgbpwmsbgnltynuy.jpg,1.0
uimlmfpttgmbeajakubq.jpg,0.0
xamgprozkhqjlfjoyabu.jpg,1.0
djalpzbxwwtnhokuiqvj.jpg,0.0
ctbxsqmvspvsipmokhsm.jpg,1.0
elvomeqlpbqgrsjvnjqf.jpg,1.0
sembbawnixxummhklfpc.jpg,1.0
qyklxmhaccayddmwyozd.jpg,1.0
bmqnwdgqmfozwmsbiibj.jpg,0.0
wkuqmlqypxqnmixyucfr.jpg,1.0
gelrygvuqctjxiqsdmil.jpg,0.0
rewearjvlmlyplcqqzcz.jpg,0.0
rqblebigzpzjiyiqkakg.jpg,1.0
sxsmsuaxeikmniwspwsi.jpg,0.0
msnekbrjrfgcadytyjen.jpg,1.0
lgehlnmcspafdfeuxyjh.jpg,0.0
eeaolvjnzjpoicyshiup.jpg,1.0
ivechjabxbnrggxupbqt.jpg,0.0
rbzzfzrqlzdfalcodpgo.jpg,1.0
yrfnvkpgxswrpwaumufx.jpg,0.0
udhiyzpmhreahuovcdkd.jpg,0.0
vlgqgquopwbzgfpttsrm.jpg,1.0
dgxmjsxrdmrwvoefjwfi.jpg,0.0
nmftcvnbfqgypjypthtu.jpg,1.0
ptrdjsintwvozpiurivz.jpg,1.0
meqgkfsxusxjpmhuvzkw.jpg,1.0
vtubiwpxtkxsntavlcdl.jpg,0.0
vakbyodsqksaqwphscxj.jpg,0.0
ywgrelztqcnxvajyzrgp.jpg,1.0
mllgsvklomcezelcivbm.jpg,0.0
xktbmvlsxrieqokgeiiq.jpg,1.0
mqnbplzrppcingaiwmbn.jpg,0.0
zkjwvldtfsigkmmganfs.jpg,0.0
qxkgwdbzshjmjitsywzt.jpg,0.0
buhzcpthscmezslwhzod.jpg,0.0
szojpzmjyzzmykcexufv.jpg,1.0
jxfgqyzkhiaapkxijfau.jpg,1.0
wknbvnciqqocuwubkocv.jpg,0.0
wosqscepfedxnbnzagfb.jpg,0.0
vrmykzhjavcsculifhbj.jpg,1.0
fbolvmtwugshgwlgsutf.jpg,1.0
sgnxzfjghasvwgvnicha.jpg,1.0
mbwgycmommanhwlvhveh.jpg,0.0
sgrzlnvtsdlhgihszeqp.jpg,0.0
lyufcjtzxhuzxzinjayf.jpg,1.0
vjsyvyaacfkmqcpvwbmc.jpg,0.0
lfyarnxheucietxnbzqv.jpg,0.0
hhdmhdwvnimpbgpesqge.jpg,1.0
bknrhumciibmcubpzguq.jpg,1.0
kfteknkjfqbebgmaalhb.jpg,1.0
dibiwmjujcyetdvbouyu.jpg,1.0
boiajqupryeplaalddaa.jpg,1.0
xhmjshvkgfhdadocgwof.jpg,0.0
cxpjjtnzwbgwwjrlrwtc.jpg,0.0
zvfyumpgcmpkqietdvrj.jpg,1.0
utyicyiwtdifxmiuaukb.jpg,0.0
kyszkujhkongjmuopqei.jpg,1.0
ecnywkjgtuudbzlcstnr.jpg,1.0
kwvyirvyvhqefxjtdbse.jpg,0.0
lhkbbsvcfacfejdzgdop.jpg,0.0
jliozziqfibnpjgmxgfq.jpg,0.0
adesrdqjajvoiofikrey.jpg,0.0
sifboabtkbkqsgagvudr.jpg,1.0
svfbqusrmkuqoaycuzzt.jpg,0.0
wnwdrqsfjtjoivaoducm.jpg,0.0
bldhsdipnitpbxmehvgu.jpg,1.0
fxwatmspdjipxeiffkeh.jpg,1.0
tiqnolelzbduhheyujix.jpg,1.0
iqiqkimjveehrjhfhuze.jpg,1.0
ltngafajgtjzuhbbzyer.jpg,1.0
xbtzrwsqntdjshmyookw.jpg,0.0
lrwdsidocjdkncwwpclc.jpg,1.0
arsqmynhhwmolxgsetzy.jpg,1.0
lnmtnhmvroqtdnuuskqr.jpg,1.0
zysyvzhsqkcbpeapnpsx.jpg,1.0
yaxrfxigwywefznavgoe.jpg,0.0
ftdnxuuqjhhdzkfoqgys.jpg,1.0
gghqmwcvwynepgnhwnfx.jpg,0.0
suibpcaixltqenggrxxh.jpg,0.0
vgkjvdxodnxkhdahrczk.jpg,0.0
ucywclydnhptioovziuv.jpg,0.0
ohspfkpdsumwjkjbtagb.jpg,1.0
vzhbsrqwymgtwezvnpcz.jpg,0.0
ungkqjqqimopabreejjz.jpg,1.0
yotyksydxymycrkvmrfw.jpg,0.0
dugyenbqincsvdkxjnmu.jpg,0.0
hhydqaicakwkpkytnpzo.jpg,1.0
qkcrvhtxvgfbecmcpchr.jpg,0.0
iachawqliskhinyjqzhh.jpg,0.0
foklxsetvswycdyitfmg.jpg,0.0
clmhnmjgaccvsovegsmv.jpg,1.0
pxbfdxucuppziqujhvmx.jpg,1.0
xxfgcgpaovygurovdosi.jpg,0.0
ghpdaabphutzeysvgikw.jpg,1.0
gxirhkhrqiueaizrkzkt.jpg,1.0
iouippfqfbpgqttlylfo.jpg,0.0
vpfwmevhudlpueojgfry.jpg,1.0
ezqaphfidyllxcemhjlm.jpg,0.0
xxklxvipdeysisqqztcp.jpg,0.0
arceknwznhfznpdyksbt.jpg,0.0
oadzihqssdbhsvjuwiww.jpg,0.0
gpshjoydtnmmvgpolpnm.jpg,0.0
owcshdcvsoxwkrrrqiiz.jpg,0.0
ucwidmzvgtopsszqqwml.jpg,0.0
wwgzmtcafnuejrhpqgcs.jpg,0.0
bekobsbmcfezaduzzxgz.jpg,1.0
klgoumrmjofweumbtvkp.jpg,1.0
appibdhruyoazfauvdbe.jpg,0.0
yfmpbecavasqqrljemca.jpg,0.0
geyhrxsbdkseqqxtfhob.jpg,1.0
vffearkhuxrjcxrxvcei.jpg,1.0
qnnsjdiguiljkthfcele.jpg,1.0
mwtfoonyofbohthdhcyt.jpg,0.0
gwwofzzexmbtmakrqvmd.jpg,0.0
vjhejgnbmeuyitaojwdy.jpg,1.0
vpujtuonsirfdsnonefg.jpg,0.0
mrmsvpogsplbxgdpfabb.jpg,0.0
tcdpleozpbwzgmmwizfd.jpg,0.0
jqldfstsmnbcaqbynknw.jpg,1.0
njuriiksfkwunhqhsahr.jpg,0.0
qojztmgxztxzcrahcwno.jpg,0.0
xzozwqizbietgzizgkam.jpg,0.0
ucinkahuvflvhcuxwwyv.jpg,1.0
kvesfuqatslubujrebfx.jpg,0.0
uezudbemqeitcpptiorx.jpg,0.0
bjigtkwfiwytacszjoel.jpg,0.0
qsfdjvvwpmzxpfkjgzrw.jpg,0.0
skvknpwaphgitlgnuvaa.jpg,0.0
rblmmjnmogdcdnlpaxhn.jpg,0.0
hhunyopkgghhdekpoqhy.jpg,0.0
sgorphyexxmhltldomrj.jpg,0.0
ipkwebcoshywduyuduoa.jpg,1.0
nzneiontaslyxvuowpqv.jpg,1.0
zdylbnfohnyatvvaoupf.jpg,0.0
pndjuxogxhsvisoujwda.jpg,1.0
pzrwnehdklymddnqqxoy.jpg,0.0
zpnucsbvdjelgmfbxbvk.jpg,0.0
runcnfcsrllopcbgtyno.jpg,1.0
wpoqllcbwqgwneekqdnv.jpg,1.0
jtmbikvqaxgacsbwknjl.jpg,0.0
cgthszowfxrawjhesbob.jpg,1.0
hcjgnulutpbsoqbmnsyv.jpg,1.0
yxndydhbbukwfmgdsltb.jpg,1.0
cuwqhrxztscigilkhmut.jpg,0.0
hcidpeyxxmejahwtrxad.jpg,0.0
bcqdupkkqxcyssnkyjvl.jpg,0.0
oiwrllrbfhozmimnygrs.jpg,1.0
nhjpfgzybtuqserydpbi.jpg,0.0
oyltnkouwyohksjveroc.jpg,0.0
iuglgalnzqzisitqyqag.jpg,1.0
necqqnuowxqtczkwimqy.jpg,0.0
vkpkfyfanrudstrmxgtb.jpg,1.0
fujzyhgqgvtlgycatzxf.jpg,0.0
mcihnykdawjwwqewrhrs.jpg,0.0
lssmylkddierguasgtzf.jpg,1.0
swojorbtjcluizcpcolj.jpg,0.0
siyhrxgjifvxgibqmzmf.jpg,0.0
nbfsfvsltgoeykwegppn.jpg,0.0
qashisuovoznmxyvkgum.jpg,1.0
tgdmeldzpgirpzvkyxem.jpg,1.0
rrzaoaanzrzdugvwbgjo.jpg,0.0
vzgcnuizwjrhzinvdhrc.jpg,0.0
pucpoehngxbumzlzzgyg.jpg,1.0
onktfechtsciitwofcfy.jpg,1.0
uinbjjbscmwhbehptith.jpg,1.0
lttfobyckqsozwcvajad.jpg,0.0
wulzdvyqzrsfsdpsvlxw.jpg,1.0
mxdexgnpfgvebfnpmguq.jpg,1.0
uysdjriaxsicpmzblfxl.jpg,1.0
njlnucrnahhlekvyzuqp.jpg,1.0
iuvgppylcncuyovytnzv.jpg,1.0
xdeicccbxjkswhegbgpq.jpg,1.0
vpjrvljxntrjbkyybmym.jpg,1.0
pmugaqyamtydirvdqbfh.jpg,1.0
dubrmsdgeiyebhrcyqoi.jpg,0.0
tzbptajkgnhdcygrpaik.jpg,0.0
elplkaboxfszuuhvwwdn.jpg,1.0
mnjylqwxejnyfukbylzq.jpg,0.0
xhpozsqvzhjhgwyhyfpo.jpg,0.0
eifblafaniwawngjmvor.jpg,1.0
gsivhuzskkrvqahepklk.jpg,0.0
iikuitkepjvojygncjxp.jpg,0.0
shmxydbgkjetrymsvely.jpg,0.0
cwzasnxuukcgevatzeym.jpg,1.0
isrczaprygredbalmpyg.jpg,1.0
mcebzoghdbvyxbzkzzxc.jpg,1.0
gogmiwodotpzhcjjcsaa.jpg,0.0
qnvhmoeddimvacsfiwgp.jpg,1.0
lktoqxpbtwxbuagaiwuj.jpg,0.0
pwbzhoyezlcmleyrraji.jpg,1.0
dujytjxfmmfoqhtjcfbo.jpg,1.0
oqyuqwfvcraotprnloun.jpg,1.0
zzyuzrypiycsfnutexut.jpg,0.0
pczqdmibofoxetbflcih.jpg,0.0
odrfkdwbtlgzhtulmgav.jpg,1.0
tbqbcpklhjcvlypmgzfp.jpg,0.0
mtgimuiffhknijiudstz.jpg,0.0
fptcblbaiacjlcmrtifn.jpg,0.0
zscgewvyfkqsckohclza.jpg,1.0
tkdanyzrruxlctuyhnoc.jpg,1.0
pgdeanwgcuxldxaoogmb.jpg,0.0
bheytgtqckeggnzfzqop.jpg,1.0
ojmohyegphacbuikudja.jpg,0.0
icvfjaywgtmkvkbathap.jpg,0.0
trrqacwtwupuhgezxnxu.jpg,0.0
hahieaehhvxlmbqxdfvi.jpg,0.0
xnbopoqreumxdotguscr.jpg,0.0
dkzhdvbbwcdsofihfqvp.jpg,1.0
siqtxczcjodabpwhuqam.jpg,1.0
ouqgzzzvroioavdjrhcd.jpg,0.0
uvkiohiazzlqdcjpujcf.jpg,0.0
lpbjoqqvavzkckxdvcoq.jpg,1.0
icvnazqabzdmuymvhdla.jpg,0.0
ahofstcngruwzjgoxysa.jpg,1.0
acrvyzkomzsmgofhnkej.jpg,1.0
vkmsqlwktlifqimhttwc.jpg,0.0
bxlffoonlahjjatnplsu.jpg,1.0
oejgaxwwqbcpcuqvpidw.jpg,0.0
xbuazuqkxxufpabclcmn.jpg,1.0
ygggwsfcdvhhpoxipdha.jpg,1.0
tzktbjmlqpnrenkufpoa.jpg,0.0
kxijudueehixvcntsckw.jpg,0.0
qnpcfzbrmufdevtbubjo.jpg,0.0
zskxqckslyafafyuywlv.jpg,1.0
ksenhdvnzesucngttlzi.jpg,0.0
vkdkfmxsuquppfrekqzy.jpg,1.0
djgfbjbddlhytrmzulbx.jpg,0.0
jiumuktvqvoxjsqbesmv.jpg,0.0
ytunufgdmntafghavpth.jpg,0.0
oudnchpukzaskkvipyum.jpg,0.0
dbsxwpfpkjzasfcaqstr.jpg,1.0
fxucwhqgetrojbzvcznf.jpg,0.0
vjfzkysopjvevjtqomsj.jpg,1.0
dvhesqtjfusrywqpnafc.jpg,0.0
ddufhkscoxnwfzemvspq.jpg,0.0
vlxzslqldooqkowfgnci.jpg,0.0
fckbttjsnijmrqqbtrju.jpg,0.0
ovfxzxcksilzrabwqpqu.jpg,0.0
yaorknwxqixqltouecss.jpg,0.0
bvwirhthsakfykuusldr.jpg,1.0
jpegezqdrlrzkemqetpx.jpg,0.0
mqclejyigvusvetyprja.jpg,0.0
zvarpmgoogwpmaqibkwe.jpg,1.0
xcomjrcbdwhshvfldxje.jpg,0.0
kyjbralbxoevvodejtnh.jpg,1.0
ayfesihbbhfcueqrzfnk.jpg,0.0
ypauciyflrwqwazplary.jpg,0.0
disvtrbwgebbjysfqytz.jpg,1.0
jsintogjggvvfehxlvyl.jpg,0.0
gsbavhfjrmpcmrtlniiw.jpg,1.0
leezloiszgkasefaypvz.jpg,1.0
fxrujsgcmubchpgobyfq.jpg,1.0
chjkntuootatlaczehng.jpg,0.0
fseylwdgcruafuepuqta.jpg,0.0
ypcdbylekzekeroavgrr.jpg,1.0
aggqibtlofljvqhktjwf.jpg,0.0
zgrkksxpokfoforocsyb.jpg,1.0
focnrhqibvxxmcnntdqe.jpg,0.0
octdupzsbsvgsqnqeohm.jpg,0.0
ntbetlpwcfocfrxpsyuf.jpg,0.0
amfuihawvpfjdckmddhc.jpg,0.0
cxxxqenzibbahdvzvroi.jpg,1.0
jbdnnlzyjmzmcmqswpli.jpg,1.0
kuddtpyzwfjktcibegta.jpg,0.0
xbikstguvcfwtxksulkb.jpg,0.0
fmtkgljjafwezyjecgjd.jpg,1.0
xczzlenfwdqaknoghsyy.jpg,0.0
moikhwmwbjivwubaakpq.jpg,0.0
vrmlqvjmnbnhtmftgtvx.jpg,1.0
rvosixosaauemhllwfon.jpg,1.0
kvpylwkpwmopcbxnqtgr.jpg,1.0
gzwsljwvvipguqkcgqxi.jpg,1.0
jpcgqhyqaxpsniolozhx.jpg,1.0
fhjqzhtofoaakadwwfqg.jpg,0.0
qctetqpmnrxzxpmqstez.jpg,0.0
dvtcftnaygfgkhfwdlbn.jpg,1.0
azwpkbwoicynahdruhun.jpg,0.0
hmipgnlufargkrryjfvj.jpg,0.0
pjgczgnbwtwvwamgokej.jpg,0.0
lcvdcfhebmhhjdqijyxa.jpg,0.0
wdolbidyfypvgepsklaf.jpg,0.0
jwdowjimpxergmdkhrew.jpg,1.0
rrwjqbpmmynnhpqvkrqh.jpg,1.0
ziusjtjqbhjlgwhogtue.jpg,0.0
fdrbqjujjtxcnyylxyet.jpg,1.0
rnlrwgdydfxmkfrxgole.jpg,1.0
enzalnxyxdpnjxtiliba.jpg,0.0
tjcrvuchqnjccumezevg.jpg,0.0
dgmmgwqfdcobblekdtuv.jpg,0.0
jrsmwpghwbrydtreogrg.jpg,0.0
krupzviawsvflzkxycox.jpg,1.0
xcbkpqeknpmheudbmrre.jpg,0.0
zxzyfctmooufwvqbtsgo.jpg,0.0
vwzvochogbfguyiasbwi.jpg,0.0
tqjeibvctnunhjmidzlt.jpg,1.0
fgcaezgfppbrruwhipax.jpg,0.0
bgrlmstlqkrbygfszrmq.jpg,1.0
bzrdseobabtzeoglrejr.jpg,0.0
nhjoippujafgvpebwxsj.jpg,1.0
eizaobmsqdiieqvdhnsx.jpg,1.0
kwbyolqcjgzxabraumyz.jpg,0.0
nlppmorpexspfsfoluhg.jpg,1.0
sbmxwnsiqmmambxuyoue.jpg,0.0
wmnpjecmgljrqcowjlmq.jpg,0.0
ffvgzylcgaijannprviu.jpg,0.0
tuyyhvrpbqkvyzlisxsq.jpg,0.0
qrhucksietinqbcevnhb.jpg,0.0
gowsirevglvvkzymixop.jpg,0.0
qbmdmmfkdxfqqtomwwwb.jpg,0.0
ecpnsuffuzleinfboceo.jpg,0.0
wmunvmbcxdnqeuznlese.jpg,1.0
vslxhpkgknukgeeuyosb.jpg,0.0
foagertouhmhkiwskmwt.jpg,1.0
epcnwdtgymirqfhbqdqs.jpg,1.0
sqbgwjhukgvrosyimbnz.jpg,0.0
vdedsnrnvqufpmaexjvm.jpg,1.0
howdzvfprdorqoubnrtp.jpg,1.0
qfvalzrpdzgoofkeshne.jpg,1.0
qkcximtjvripkdjxvtqb.jpg,1.0
suykoklqfhsxtpewuciq.jpg,0.0
tjkrapjkrpwwvuwzfyic.jpg,0.0
udcvilgctsujkdswehre.jpg,0.0
uripjcvimndbtlbdqcwr.jpg,1.0
coirfkjhehsiojaavaeb.jpg,0.0
zfdocnvblpzwfvoaumnr.jpg,0.0
mjonjjhxvcgpdfbyjors.jpg,0.0
ihblotejwjxahhrvjfdf.jpg,0.0
meqnpapvdbqvmykxqatj.jpg,0.0
pioecvibxytttphgxcvv.jpg,0.0
eleoewqqvamiigodiziw.jpg,0.0
casjinialxtcuzuxotyn.jpg,1.0
weqzjfzsjalfkjrjddxc.jpg,0.0
mqpepwyijrasgdmfjwnk.jpg,1.0
dowfswcbcqvughoyfztu.jpg,1.0
chgowsqneitazllqfhwa.jpg,0.0
grydthrffrnsbtbbuqqd.jpg,1.0
wtwxbcrsdoafnmwqgawk.jpg,0.0
clhwkgfhfsldynrhlwdo.jpg,0.0
yanvlwwhuqnetdzaprdt.jpg,0.0
njfdsfxbpkfaovycrwgi.jpg,1.0
syykmcqphnzznwikjxhf.jpg,1.0
uqvueitngweqjfidttag.jpg,1.0
gwljxffspdmvlagsanoo.jpg,0.0
mbovsekmnmezqvrjiuty.jpg,0.0
kbaahbcswwyomagkpoqq.jpg,0.0
zhghfcroiqmmzzcghjlp.jpg,0.0
umjyyvdaaptmpbdqspxd.jpg,1.0
eotxlvwxsfctwbfpzjtt.jpg,0.0
gtggzculofgmexopvzhi.jpg,0.0
minboilhkhcmzktiowuk.jpg,1.0
rhygtyjslmowoyphguhl.jpg,0.0
bdnovqrvycbxryyzwhxi.jpg,1.0
bcwwuaqsveiuczntbjmt.jpg,1.0
fztefhgdbytzcwwyshhq.jpg,0.0
yzqwrvjoobrqahmcuumn.jpg,0.0
eoarexhupytnwtbjmnwk.jpg,0.0
ebvrftyurudnrzawticm.jpg,1.0
hjqbasutepbjhtbzbrst.jpg,1.0
uewdyxocfklephpiwdze.jpg,1.0
pdxntorgzisakkvvutov.jpg,1.0
vjnpkmxxwyvtmmnmbrnm.jpg,1.0
ibqbefgvwxvvhtrvjoix.jpg,0.0
rdkbvwddmekgmylsyubb.jpg,1.0
ojpdgfbdeoeohfdavbvt.jpg,1.0
nutuupkjalhbtemmdvwi.jpg,0.0
gudmywcftemuzkdpauhr.jpg,1.0
tszuamlxfdljozoguslq.jpg,0.0
ggdapshgjlsceszwtdia.jpg,1.0
nasmyswrwddqciqbozzn.jpg,0.0
rmglxfaksuyktwxjogup.jpg,0.0
zwzbzzoduksdlnruenvo.jpg,0.0
ryhcjvubgxgkonvdxdie.jpg,0.0
wvuqtxbikyfnoqcjoggm.jpg,1.0
vjpdzrljrysulctyztcn.jpg,1.0
cllrjiaehuduykwucgjm.jpg,0.0
gjvtyguqxwbxusdxluen.jpg,1.0
lnlurwvjceasukpupcek.jpg,1.0
yqojbsvqujxclzibebxe.jpg,0.0
ztkbpiynmeyrjqvtolag.jpg,1.0
yqgzbpbporopbvpzkcke.jpg,0.0
vtopqjjzlwbxxrbnuztv.jpg,1.0
vcxuwddavancfsqundax.jpg,0.0
awawneeiqhhkqdkbykdd.jpg,1.0
fwemqwwtqpuyswhxwykt.jpg,0.0
dirxckyypzzypqvmsglo.jpg,0.0
ynkggweyjrmtadqefxaw.jpg,0.0
erdoxhmmjrfpgnpovbdy.jpg,1.0
fsxcqxbbgzhchnmhfbqc.jpg,1.0
swohecquvddkrdhogleb.jpg,0.0
cmoojytyldbfyqyuvkgo.jpg,1.0
mgkypwpwwneoysrdzxsj.jpg,0.0
rouxvayiimhifnrhkwbs.jpg,0.0
natpdnqyiohiapzvkflu.jpg,0.0
ejzxcpyowkqwgsqumraa.jpg,1.0
dvaryqbgkhkjwaigjgvk.jpg,0.0
olelwtwthhiteprdavku.jpg,0.0
rzwobgquxvvhdvfgyzzx.jpg,0.0
cnsijmuvaxxlooflmobn.jpg,0.0
gqiughhhqipnknftqosx.jpg,1.0
fzjwrhtjfjmvecumwqvh.jpg,1.0
ijohuzajruverhxcgavi.jpg,0.0
sijfrgvzgjtnyfouyreh.jpg,0.0
nldjqgxyztjynqwjblva.jpg,1.0
rfqsheokjwaqmckmpptu.jpg,1.0
rhizhdqluuomgyawfwof.jpg,1.0
fjnshkdwtvaxqsfrgsht.jpg,1.0
ksjibszufutjtbxncaot.jpg,0.0
owwhefszjtqqibrbavox.jpg,1.0
gnvbbugmnmepwbrdsaeo.jpg,1.0
xlemtsaroljipnorcjjc.jpg,0.0
wtbvgahrylpwhqnswxcf.jpg,0.0
ewetepfnvrbmjtytmobr.jpg,0.0
rdfbihdabpmckjgiotqq.jpg,0.0
oxnkaveiwzfmpcaedoul.jpg,0.0
psubhtcztauyfutqnjzf.jpg,0.0
orlgguysxjzcnxlxsarh.jpg,0.0
loxroctddgmfstcedwrt.jpg,1.0
xhbtwwgewufquxoqkdiu.jpg,1.0
hwjonmtethowdlnphujj.jpg,0.0
pstivllwlbewisuvmsle.jpg,1.0
nunmeylitcwxinrgaeqc.jpg,1.0
elfguryedcrsibulutuu.jpg,1.0
ukukywqidekdiunkczsb.jpg,1.0
txitsivcxcjhmnzudkuj.jpg,1.0
kphrdokpvbjvcyeenjsw.jpg,0.0
vehaiuwnxvnntuhjphww.jpg,0.0
xnoukukgoxhnzgnmjteo.jpg,1.0
fnoujgzpinkdfxlusejh.jpg,0.0
ywskfsifnnoyflrwngjw.jpg,1.0
nnazrzktdosbxqswhill.jpg,0.0
eivighwrullonngctlaq.jpg,0.0
ruvdcxnkakawbttilaem.jpg,0.0
mmvuryfgfzdznauuvknc.jpg,1.0
igtajrxwcrwroptiguob.jpg,0.0
zmpcgsnfgvghqnnibyli.jpg,1.0
ulhiatgxyirailubovpo.jpg,1.0
xxozthoaasqdkkmcesyr.jpg,0.0
avguqfseqdqcyhazbbxy.jpg,1.0
vrplcwjwdkctpysnmfkf.jpg,1.0
vrpbrcodfxzjuqsotkni.jpg,0.0
ckzmnzpewhrfqmaoxgwh.jpg,1.0
hyhlmxhxlifwsedwmthv.jpg,0.0
uvnedksscggprtdazzjx.jpg,0.0
eyrpxkdgjdbexhpgtvsr.jpg,0.0
wstahxxxjxhmwhphkpjf.jpg,1.0
wyepgqnrninsuuaptcwt.jpg,1.0
bhzmijcbwugpzillsbvv.jpg,0.0
eekqrwbkhivxvlmcyntf.jpg,0.0
hwjpuqoayezuqagbacza.jpg,1.0
lzqgfwljvqkxsccpemsi.jpg,0.0
dmxxyovwdcroksjirwaz.jpg,1.0
zrhfxajyyhpeuokzostg.jpg,1.0
xsazfpkkhboqlfariqgo.jpg,1.0
xdrxbfqfzyvbrkzplywh.jpg,0.0
rfseertodejaempzaopz.jpg,1.0
vaakudcwynvhopauvfwz.jpg,0.0
vfbzzyzviycijjoillfj.jpg,0.0
cyuwmzrdpxthntqtkltf.jpg,1.0
twvoakywlweztniznyes.jpg,1.0
alrepkjdjypgxlihansb.jpg,1.0
voxuvbbojinjlcmxmkga.jpg,0.0
qsmhticwxvzdlvbpofbl.jpg,0.0
qobzzwhgcpqxexpdnvcv.jpg,0.0
qcfubfbkpudwdcwlqdjw.jpg,0.0
wzdosqxldsczmddhgrfh.jpg,1.0
uiapikbqzjeqnqwppsat.jpg,1.0
usmpqmpgqaqkixiyxotp.jpg,1.0
qwgctjomdbtvcwmwbasj.jpg,1.0
egyieadlchhkrykqanwz.jpg,0.0
vvihntfpjyqtakmxolwv.jpg,1.0
